{"display":{"thirdperson_righthand":{"translation":[0,3.75,0.75],"scale":[0.9,0.9,0.9]},"thirdperson_lefthand":{"translation":[0,3.75,0.75],"scale":[0.9,0.9,0.9]},"firstperson_righthand":{"rotation":[0,-5,0],"translation":[1.5,1,0],"scale":[0.6,0.6,0.6]},"firstperson_lefthand":{"rotation":[0,-5,0],"translation":[1.5,1,0],"scale":[0.6,0.6,0.6]},"ground":{"rotation":[-58,54,-12],"translation":[0,3,0],"scale":[0.5,0.5,0.5]},"gui":{"rotation":[90,45,-90],"translation":[-1.25,-0.25,0],"scale":[0.5,0.5,0.5]},"head":{"translation":[0,12.5,0]},"fixed":{"rotation":[-90,-135,-90],"translation":[0.75,0,0],"scale":[0.5,0.5,0.5]}},"texture_size":[64,64],"textures":{"0":"civilization:item/tools/hypnosis_staff/eggstatic","particle":"civilization:item/tools/hypnosis_staff/eggstatic"},"elements":[{"from":[4.5,17.79089,6.04093],"to":[11.5,19.79089,11.04093],"rotation":{"angle":45,"axis":"x","origin":[8,17.68571,7.32313]},"faces":{"north":{"uv":[8,3.25,9.75,3.75],"texture":"#0"},"east":{"uv":[7.5,9.25,8.75,9.75],"texture":"#0"},"south":{"uv":[8,4,9.75,4.5],"texture":"#0"},"west":{"uv":[9.5,0.75,10.75,1.25],"texture":"#0"},"up":{"uv":[6.75,1.25,5,0],"texture":"#0"},"down":{"uv":[6.75,1.5,5,2.75],"texture":"#0"}}},{"from":[5.5,11.9281,9.51672],"to":[10.5,16.9281,11.51672],"rotation":{"angle":22.5,"axis":"x","origin":[8,16.9281,10.51672]},"faces":{"north":{"uv":[7.5,4.75,8.75,6],"texture":"#0"},"east":{"uv":[9.5,1.5,10,2.75],"texture":"#0"},"south":{"uv":[7.5,6.25,8.75,7.5],"texture":"#0"},"west":{"uv":[9.75,5.5,10.25,6.75],"texture":"#0"},"up":{"uv":[11,7.5,9.75,7],"texture":"#0"},"down":{"uv":[11,7.75,9.75,8.25],"texture":"#0"}}},{"from":[6.5,10.89319,5.3348],"to":[9.5,12.89319,9.3348],"rotation":{"angle":-22.5,"axis":"x","origin":[8,11.89319,6.8348]},"faces":{"north":{"uv":[10.25,1.5,11,2],"texture":"#0"},"east":{"uv":[10,4,11,4.5],"texture":"#0"},"south":{"uv":[10.25,2.25,11,2.75],"texture":"#0"},"west":{"uv":[7.5,10,8.5,10.5],"texture":"#0"},"up":{"uv":[7.75,2.75,7,1.75],"texture":"#0"},"down":{"uv":[9.25,0,8.5,1],"texture":"#0"}}},{"from":[6.96,5.5529,5.2948],"to":[9.04,7.6329,11.3748],"rotation":{"angle":22.5,"axis":"x","origin":[7.5,6.5929,6.8348]},"faces":{"north":{"uv":[5.5,10.25,6,10.75],"texture":"#0"},"east":{"uv":[0,8.75,1.5,9.25],"texture":"#0"},"south":{"uv":[6.25,10.25,6.75,10.75],"texture":"#0"},"west":{"uv":[9,4.75,10.5,5.25],"texture":"#0"},"up":{"uv":[6.5,10,6,8.5],"texture":"#0"},"down":{"uv":[7.25,8.5,6.75,10],"texture":"#0"}}},{"from":[6.95,6.19305,5.0163],"to":[9.05,12.29305,7.1163],"rotation":{"angle":0,"axis":"y","origin":[7.5,9.24305,6.0663]},"faces":{"north":{"uv":[1.75,8.75,2.25,10.25],"texture":"#0"},"east":{"uv":[9,5.5,9.5,7],"texture":"#0"},"south":{"uv":[9,7.25,9.5,8.75],"texture":"#0"},"west":{"uv":[9,9,9.5,10.5],"texture":"#0"},"up":{"uv":[2,11,1.5,10.5],"texture":"#0"},"down":{"uv":[11,5.5,10.5,6],"texture":"#0"}}},{"from":[7,-3.65114,7.87809],"to":[9,17.34886,9.87809],"rotation":{"angle":0,"axis":"y","origin":[8,9.34886,6.87809]},"faces":{"north":{"uv":[0,3.25,0.5,8.5],"texture":"#0"},"east":{"uv":[0.75,3.25,1.25,8.5],"texture":"#0"},"south":{"uv":[1.5,3.25,2,8.5],"texture":"#0"},"west":{"uv":[2.25,3.25,2.75,8.5],"texture":"#0"},"up":{"uv":[11,6.75,10.5,6.25],"texture":"#0"},"down":{"uv":[10.25,10.5,9.75,11],"texture":"#0"}}},{"from":[6.95,-3.70114,7.82809],"to":[9.05,12.39886,9.92809],"rotation":{"angle":0,"axis":"y","origin":[8,9.34886,6.87809]},"faces":{"north":{"uv":[3,5,3.5,9],"texture":"#0"},"east":{"uv":[3.75,5,4.25,9],"texture":"#0"},"south":{"uv":[4.5,5,5,9],"texture":"#0"},"west":{"uv":[5.25,5,5.75,9],"texture":"#0"},"up":{"uv":[11,11,10.5,10.5],"texture":"#0"},"down":{"uv":[11.25,4.75,10.75,5.25],"texture":"#0"}}},{"from":[6.5,-5.35114,7.5],"to":[9.5,-2.35114,10.5],"rotation":{"angle":45,"axis":"x","origin":[8,-4.15114,8]},"faces":{"north":{"uv":[9.75,8.5,10.5,9.25],"texture":"#0"},"east":{"uv":[9.75,9.5,10.5,10.25],"texture":"#0"},"south":{"uv":[2.5,10,3.25,10.75],"texture":"#0"},"west":{"uv":[10,3,10.75,3.75],"texture":"#0"},"up":{"uv":[4.25,10.75,3.5,10],"texture":"#0"},"down":{"uv":[5.25,10,4.5,10.75],"texture":"#0"}}},{"from":[7.49,-9.66114,9.86809],"to":[8.51,-7.64114,11.88809],"rotation":{"angle":45,"axis":"x","origin":[8,-6.65114,8.87809]},"faces":{"north":{"uv":[10.75,9.75,11,10.25],"texture":"#0"},"east":{"uv":[7,10.75,7.5,11.25],"texture":"#0"},"south":{"uv":[11,0.75,11.25,1.25],"texture":"#0"},"west":{"uv":[7.75,10.75,8.25,11.25],"texture":"#0"},"up":{"uv":[5.5,11.5,5.25,11],"texture":"#0"},"down":{"uv":[6,11,5.75,11.5],"texture":"#0"}}},{"from":[7.5,-9.65114,7.87809],"to":[8.5,-5.65114,9.87809],"rotation":{"angle":0,"axis":"y","origin":[8,-6.65114,10.67809]},"faces":{"north":{"uv":[8.5,10.75,8.75,11.75],"texture":"#0"},"east":{"uv":[0,10.25,0.5,11.25],"texture":"#0"},"south":{"uv":[10.75,8.5,11,9.5],"texture":"#0"},"west":{"uv":[0.75,10.25,1.25,11.25],"texture":"#0"},"up":{"uv":[6.5,11.5,6.25,11],"texture":"#0"},"down":{"uv":[11.5,0,11.25,0.5],"texture":"#0"}}},{"from":[7.51,-7.94114,8.08809],"to":[8.49,-4.96114,9.06809],"rotation":{"angle":-22.5,"axis":"x","origin":[8,-7.65114,6.87809]},"faces":{"north":{"uv":[9,10.75,9.25,11.5],"texture":"#0"},"east":{"uv":[2.25,11,2.5,11.75],"texture":"#0"},"south":{"uv":[2.75,11,3,11.75],"texture":"#0"},"west":{"uv":[11,3,11.25,3.75],"texture":"#0"},"up":{"uv":[8.75,1.5,8.5,1.25],"texture":"#0"},"down":{"uv":[2.75,8.75,2.5,9],"texture":"#0"}}},{"from":[7.51,-7.94114,8.73191],"to":[8.49,-4.96114,9.71191],"rotation":{"angle":22.5,"axis":"x","origin":[8,-7.65114,10.92191]},"faces":{"north":{"uv":[3.25,11,3.5,11.75],"texture":"#0"},"east":{"uv":[3.75,11,4,11.75],"texture":"#0"},"south":{"uv":[4.25,11,4.5,11.75],"texture":"#0"},"west":{"uv":[4.75,11,5,11.75],"texture":"#0"},"up":{"uv":[9.25,1.5,9,1.25],"texture":"#0"},"down":{"uv":[7.25,10.25,7,10.5],"texture":"#0"}}},{"from":[5,18,6],"to":[11,20,12],"rotation":{"angle":0,"axis":"y","origin":[7,0,7]},"faces":{"north":{"uv":[2.5,9.25,4,9.75],"texture":"#0"},"east":{"uv":[4.25,9.25,5.75,9.75],"texture":"#0"},"south":{"uv":[0,9.5,1.5,10],"texture":"#0"},"west":{"uv":[9.5,0,11,0.5],"texture":"#0"},"up":{"uv":[4.5,4.75,3,3.25],"texture":"#0"},"down":{"uv":[6.25,3.25,4.75,4.75],"texture":"#0"}}},{"from":[5.5,20,6.5],"to":[10.5,26,11.5],"rotation":{"angle":0,"axis":"y","origin":[7,0,7]},"faces":{"north":{"uv":[6,5,7.25,6.5],"texture":"#0"},"east":{"uv":[6.5,3,7.75,4.5],"texture":"#0"},"south":{"uv":[6,6.75,7.25,8.25],"texture":"#0"},"west":{"uv":[7,0,8.25,1.5],"texture":"#0"},"up":{"uv":[8.75,9,7.5,7.75],"texture":"#0"},"down":{"uv":[9.25,1.75,8,3],"texture":"#0"}}},{"from":[8,15,8],"to":[8,27,17],"rotation":{"angle":0,"axis":"y","origin":[8,20,8]},"faces":{"north":{"uv":[9.5,10.75,9.5,13.75],"texture":"#0"},"east":{"uv":[0,0,2.25,3],"texture":"#0"},"south":{"uv":[6.75,11,6.75,14],"texture":"#0"},"west":{"uv":[2.5,0,4.75,3],"texture":"#0"},"up":{"uv":[1.5,13.5,1.5,11.25],"texture":"#0"},"down":{"uv":[1.75,11.25,1.75,13.5],"texture":"#0"}}}],"gui_light":"front"}