{"textures":{"0":"civilization:item/tools/gruntilda","particle":"civilization:item/tools/gruntilda"},"elements":[{"from":[0.003,7.501,2.497],"to":[16.003,8.501,18.497],"rotation":{"angle":0,"axis":"y","origin":[7.003,7.501,10.497]},"faces":{"north":{"uv":[9.125,4.625,11.125,4.75],"texture":"#0"},"east":{"uv":[9.125,4.75,11.125,4.875],"texture":"#0"},"south":{"uv":[9.25,0.625,11.25,0.75],"texture":"#0"},"west":{"uv":[9.25,0.75,11.25,0.875],"texture":"#0"},"up":{"uv":[2,2,0,0],"texture":"#0"},"down":{"uv":[2,2,0,4],"texture":"#0"}}},{"from":[3.003,8.501,5.497],"to":[13.003,11.501,15.497],"rotation":{"angle":0,"axis":"y","origin":[7.003,8.501,10.497]},"faces":{"north":{"uv":[9,1,10.25,1.375],"texture":"#0"},"east":{"uv":[9,1.375,10.25,1.75],"texture":"#0"},"south":{"uv":[9,7.875,10.25,8.25],"texture":"#0"},"west":{"uv":[9.125,4,10.375,4.375],"texture":"#0"},"up":{"uv":[4.75,6,3.5,4.75],"texture":"#0"},"down":{"uv":[6,3.875,4.75,5.125],"texture":"#0"}}},{"from":[5.502,10.251,8.998],"to":[10.502,17.251,13.998],"rotation":{"angle":22.5,"axis":"x","origin":[8.002,13.751,11.498]},"faces":{"north":{"uv":[8.5,4,9.125,4.875],"texture":"#0"},"east":{"uv":[2,8.75,2.625,9.625],"texture":"#0"},"south":{"uv":[3.5,8.75,4.125,9.625],"texture":"#0"},"west":{"uv":[4.125,8.75,4.75,9.625],"texture":"#0"},"up":{"uv":[1.625,9.75,1,9.125],"texture":"#0"},"down":{"uv":[8.625,9.125,8,9.75],"texture":"#0"}}},{"name":"helmet","from":[4.002,0.5,6.498],"to":[12.002,10.5,14.498],"rotation":{"angle":0,"axis":"y","origin":[8.002,-23.5,10.498]},"faces":{"north":{"uv":[4.75,5.125,5.75,6.375],"texture":"#0"},"east":{"uv":[0,5.5,1,6.75],"texture":"#0"},"south":{"uv":[5.5,1.5,6.5,2.75],"texture":"#0"},"west":{"uv":[5.75,5.125,6.75,6.375],"texture":"#0"},"up":{"uv":[1,7.75,0,6.75],"texture":"#0"},"down":{"uv":[8,0,7,1],"texture":"#0"}}},{"name":"helmet","from":[3.002,3.5,6.348],"to":[13.002,5.5,6.348],"rotation":{"angle":0,"axis":"y","origin":[8.002,-24.5,10.348]},"faces":{"north":{"uv":[8.5,2.5,9.75,2.75],"texture":"#0"},"east":{"uv":[0,0,0,0.25],"texture":"#0"},"south":{"uv":[9.125,4.375,10.375,4.625],"texture":"#0"},"west":{"uv":[0,0,0,0.25],"texture":"#0"},"up":{"uv":[1.25,0,0,0],"texture":"#0"},"down":{"uv":[1.25,0,0,0],"texture":"#0"}}},{"name":"eye","from":[5.002,3.5,6.448],"to":[7.002,5.5,6.448],"rotation":{"angle":0,"axis":"y","origin":[4.002,-24.5,10.448]},"faces":{"north":{"uv":[1,6,1.25,6.25],"texture":"#0"},"east":{"uv":[0,0,0,0.25],"texture":"#0"},"south":{"uv":[4.5,6,4.75,6.25],"texture":"#0"},"west":{"uv":[0,0,0,0.25],"texture":"#0"},"up":{"uv":[0.25,0,0,0],"texture":"#0"},"down":{"uv":[0.25,0,0,0],"texture":"#0"}}},{"name":"eye","from":[9.002,3.5,6.448],"to":[11.002,5.5,6.448],"rotation":{"angle":0,"axis":"y","origin":[8.002,-25,10.448]},"faces":{"north":{"uv":[7,1,7.25,1.25],"texture":"#0"},"east":{"uv":[0,0,0,0.25],"texture":"#0"},"south":{"uv":[7,3.75,7.25,4],"texture":"#0"},"west":{"uv":[0,0,0,0.25],"texture":"#0"},"up":{"uv":[0.25,0,0,0],"texture":"#0"},"down":{"uv":[0.25,0,0,0],"texture":"#0"}}},{"name":"helmet","from":[3.501,-0.001,5.997],"to":[12.503,11.001,14.999],"rotation":{"angle":0,"axis":"y","origin":[8.002,-23.5,10.498]},"faces":{"north":{"uv":[6,0,7,1.25],"texture":"#0"},"east":{"uv":[6,2.75,7,4],"texture":"#0"},"south":{"uv":[3.5,6,4.5,7.25],"texture":"#0"},"west":{"uv":[1,6.375,2,7.625],"texture":"#0"},"up":{"uv":[8,3.75,7,2.75],"texture":"#0"},"down":{"uv":[3,7.125,2,8.125],"texture":"#0"}}},{"name":"hair_out","from":[3.5,-6.002,5.998],"to":[12.502,0,15],"rotation":{"angle":0,"axis":"y","origin":[9.001,-3.001,12.499]},"faces":{"north":{"uv":[8,5.75,9,6.375],"texture":"#0"},"east":{"uv":[8,6.375,9,7],"texture":"#0"},"south":{"uv":[8,7.75,9,8.375],"texture":"#0"},"west":{"uv":[2,8.125,3,8.75],"texture":"#0"},"up":{"uv":[7.5,8.125,6.5,7.125],"texture":"#0"},"down":{"uv":[8.25,1,7.25,2],"texture":"#0"}}},{"name":"hair","from":[12.503,-6.001,5.999],"to":[3.503,-0.001,14.999],"rotation":{"angle":0,"axis":"y","origin":[8.003,-3.001,10.499]},"faces":{"north":{"uv":[6.75,5.75,8,6.375],"texture":"#0"},"east":{"uv":[3.5,8.125,4.5,8.75],"texture":"#0"},"south":{"uv":[7.5,7.125,8.75,7.75],"texture":"#0"},"west":{"uv":[4.5,8.125,5.5,8.75],"texture":"#0"},"up":{"uv":[7.25,5,6,4],"texture":"#0"},"down":{"uv":[5.75,6.375,4.5,7.375],"texture":"#0"}}},{"name":"nose","from":[7.002,-0.5,4.498],"to":[9.002,3.5,6.498],"rotation":{"angle":0,"axis":"y","origin":[8.002,-23.5,10.498]},"faces":{"north":{"uv":[1,5.5,1.25,6],"texture":"#0"},"east":{"uv":[5.5,7.375,5.75,7.875],"texture":"#0"},"south":{"uv":[7.25,8.125,7.5,8.625],"texture":"#0"},"west":{"uv":[5.25,8.75,5.5,9.25],"texture":"#0"},"up":{"uv":[8.5,2,8.25,1.75],"texture":"#0"},"down":{"uv":[7.5,8.625,7.25,8.875],"texture":"#0"}}},{"name":"nose","from":[8.252,1,4.248],"to":[9.252,2,4.248],"rotation":{"angle":0,"axis":"y","origin":[8.252,-24,10.498]},"faces":{"north":{"uv":[1,6.25,1.125,6.375],"texture":"#0"},"east":{"uv":[0,0,0,0.125],"texture":"#0"},"south":{"uv":[1.125,6.25,1.25,6.375],"texture":"#0"},"west":{"uv":[0,0,0,0.125],"texture":"#0"},"up":{"uv":[0.125,0,0,0],"texture":"#0"},"down":{"uv":[0.125,0,0,0],"texture":"#0"}}}],"gui_light":"front","display":{"thirdperson_righthand":{"rotation":[45,0,0],"translation":[0,4,0],"scale":[0.7,0.7,0.7]},"thirdperson_lefthand":{"rotation":[45,0,0],"translation":[0,4,0],"scale":[0.7,0.7,0.7]},"firstperson_righthand":{"translation":[0,4,0],"scale":[0.5,0.5,0.5]},"firstperson_lefthand":{"translation":[0,4,0],"scale":[0.5,0.5,0.5]},"ground":{"rotation":[30,30,0],"translation":[0,4,0],"scale":[0.55,0.55,0.55]},"gui":{"rotation":[22.5,135,0],"translation":[-1.25,0,0],"scale":[0.7,0.7,0.7]},"head":{"translation":[0,8.5,-4.75],"scale":[1.8,1.8,1.8]}}}