{"display":{"thirdperson_righthand":{"rotation":[0,-90,0],"translation":[0,5,1.5],"scale":[0.7,0.7,0.7]},"thirdperson_lefthand":{"rotation":[0,90,0],"translation":[0,5,1.5],"scale":[0.7,0.7,0.7]},"firstperson_righthand":{"rotation":[15,-90,0],"translation":[4.5,2,-2.5],"scale":[0.6,0.6,0.6]},"firstperson_lefthand":{"rotation":[17.5,90,0],"translation":[4.5,2,-2.5],"scale":[0.6,0.6,0.6]},"ground":{"rotation":[71,0,0],"translation":[0,1,0],"scale":[1.5,1.5,1.5]},"gui":{"rotation":[0,0,-45],"translation":[0,-0.5,0],"scale":[0.5,0.5,0.5]},"head":{"translation":[0,9,0],"scale":[0.85,0.85,0.85]},"fixed":{"rotation":[0,-180,-45],"translation":[0,-0.5,0],"scale":[0.5,0.5,0.5]}},"texture_size":[64,64],"textures":{"0":"civilization:item/tools/dragon_katana/normal/default","particle":"civilization:item/tools/dragon_katana/normal/default"},"elements":[{"from":[6.001,5.101,7.501],"to":[8.999,24.099,8.499],"rotation":{"angle":0,"axis":"y","origin":[8.5,-0.9,7.5]},"faces":{"north":{"uv":[0,0,0.75,4.25],"texture":"#0"},"east":{"uv":[3.5,4.25,3.75,8.5],"texture":"#0"},"south":{"uv":[0.75,0,1.5,4.25],"texture":"#0"},"west":{"uv":[3.75,4.25,4,8.5],"texture":"#0"},"up":{"uv":[7.75,1,7,0.75],"texture":"#0"},"down":{"uv":[7.75,1,7,1.25],"texture":"#0"}}},{"from":[7.001,5.101,7.501],"to":[9.999,24.099,8.499],"rotation":{"angle":0,"axis":"y","origin":[8.5,-1.9,8]},"faces":{"north":{"uv":[1.5,0,2.25,4.25],"texture":"#0"},"east":{"uv":[4.5,3.5,4.75,7.75],"texture":"#0"},"south":{"uv":[2.25,0,3,4.25],"texture":"#0"},"west":{"uv":[4.75,3.5,5,7.75],"texture":"#0"},"up":{"uv":[7.75,2.5,7,2.25],"texture":"#0"},"down":{"uv":[7.75,5,7,5.25],"texture":"#0"}}},{"from":[8.5734,22.41274,7.5],"to":[9.5734,27.01274,8.5],"rotation":{"angle":-45,"axis":"z","origin":[9.3234,26.36274,8]},"faces":{"north":{"uv":[3.25,6.5,3.5,7.75],"texture":"#0"},"east":{"uv":[1.5,6.75,1.75,8],"texture":"#0"},"south":{"uv":[1.75,6.75,2,8],"texture":"#0"},"west":{"uv":[2,6.75,2.25,8],"texture":"#0"},"up":{"uv":[7.5,3.25,7.25,3],"texture":"#0"},"down":{"uv":[7.5,3.25,7.25,3.5],"texture":"#0"}}},{"from":[9,23.9,7.5],"to":[10,27.1,8.5],"rotation":{"angle":0,"axis":"y","origin":[8.5,1.1,8]},"faces":{"north":{"uv":[7,6,7.25,6.75],"texture":"#0"},"east":{"uv":[7,6.75,7.25,7.5],"texture":"#0"},"south":{"uv":[7.25,0,7.5,0.75],"texture":"#0"},"west":{"uv":[7.25,1.5,7.5,2.25],"texture":"#0"},"up":{"uv":[7.5,3.75,7.25,3.5],"texture":"#0"},"down":{"uv":[7.5,3.75,7.25,4],"texture":"#0"}}},{"from":[6.87494,22.84257,8],"to":[9.67494,27.94257,8],"rotation":{"angle":-45,"axis":"z","origin":[7.87494,25.34257,8]},"faces":{"north":{"uv":[6.5,0,7,1.25],"texture":"#0"},"east":{"uv":[6.5,0,7,1.25],"texture":"#0"},"south":{"uv":[7,0,6.5,1.25],"texture":"#0"},"west":{"uv":[6.5,0,7,1.25],"texture":"#0"},"up":{"uv":[6.5,0,7,1.25],"texture":"#0"},"down":{"uv":[6.5,0,7,1.25],"texture":"#0"}}},{"from":[5.40006,5.28191,8],"to":[7.40006,24.28191,8],"rotation":{"angle":0,"axis":"y","origin":[6.40006,16.78191,8]},"faces":{"north":{"uv":[3,0,3.5,4.25],"texture":"#0"},"east":{"uv":[3,0,3.5,4.25],"texture":"#0"},"south":{"uv":[3,0,3.5,4.25],"texture":"#0"},"west":{"uv":[3,0,3.5,4.25],"texture":"#0"},"up":{"uv":[3,0,3.5,4.25],"texture":"#0"},"down":{"uv":[3,0,3.5,4.25],"texture":"#0"}}},{"from":[7.912,24.112,7.512],"to":[8.988,25.688,8.488],"rotation":{"angle":0,"axis":"y","origin":[8.5,2.1,7.5]},"faces":{"north":{"uv":[4,7.25,4.25,7.5],"texture":"#0"},"east":{"uv":[7.25,4,7.5,4.25],"texture":"#0"},"south":{"uv":[4.25,7.25,4.5,7.5],"texture":"#0"},"west":{"uv":[7.25,4.25,7.5,4.5],"texture":"#0"},"up":{"uv":[7.5,4.75,7.25,4.5],"texture":"#0"},"down":{"uv":[7.5,4.75,7.25,5],"texture":"#0"}}},{"from":[7.31,24.11,7.51],"to":[8.39,24.89,8.49],"rotation":{"angle":0,"axis":"y","origin":[8.5,2.1,7.5]},"faces":{"north":{"uv":[5,7.25,5.25,7.5],"texture":"#0"},"east":{"uv":[5.25,7.25,5.5,7.5],"texture":"#0"},"south":{"uv":[5.5,7.25,5.75,7.5],"texture":"#0"},"west":{"uv":[5.75,7.25,6,7.5],"texture":"#0"},"up":{"uv":[6.25,7.5,6,7.25],"texture":"#0"},"down":{"uv":[7.5,6,7.25,6.25],"texture":"#0"}}},{"from":[6.87494,27.24257,8],"to":[8.07494,28.74257,8],"rotation":{"angle":-45,"axis":"z","origin":[7.87494,25.34257,8]},"faces":{"north":{"uv":[6.5,0,7,1.25],"texture":"#0"},"east":{"uv":[6.5,0,7,1.25],"texture":"#0"},"south":{"uv":[7,0,6.5,1.25],"texture":"#0"},"west":{"uv":[6.5,0,7,1.25],"texture":"#0"},"up":{"uv":[6.5,0,7,1.25],"texture":"#0"},"down":{"uv":[6.5,0,7,1.25],"texture":"#0"}}},{"from":[6.87494,28.74257,8],"to":[7.87494,28.84257,8],"rotation":{"angle":-45,"axis":"z","origin":[7.87494,25.34257,8]},"faces":{"north":{"uv":[6.5,0,7,1.25],"texture":"#0"},"east":{"uv":[6.5,0,7,1.25],"texture":"#0"},"south":{"uv":[7,0,6.5,1.25],"texture":"#0"},"west":{"uv":[6.5,0,7,1.25],"texture":"#0"},"up":{"uv":[6.5,0,7,1.25],"texture":"#0"},"down":{"uv":[6.5,0,7,1.25],"texture":"#0"}}},{"from":[6.87494,28.84257,8],"to":[7.67494,28.94257,8],"rotation":{"angle":-45,"axis":"z","origin":[7.87494,25.34257,8]},"faces":{"north":{"uv":[6.5,0,7,1.25],"texture":"#0"},"east":{"uv":[6.5,0,7,1.25],"texture":"#0"},"south":{"uv":[7,0,6.5,1.25],"texture":"#0"},"west":{"uv":[6.5,0,7,1.25],"texture":"#0"},"up":{"uv":[6.5,0,7,1.25],"texture":"#0"},"down":{"uv":[6.5,0,7,1.25],"texture":"#0"}}},{"from":[6.87494,28.94257,8],"to":[7.47494,29.04257,8],"rotation":{"angle":-45,"axis":"z","origin":[7.87494,25.34257,8]},"faces":{"north":{"uv":[6.5,0,7,1.25],"texture":"#0"},"east":{"uv":[6.5,0,7,1.25],"texture":"#0"},"south":{"uv":[7,0,6.5,1.25],"texture":"#0"},"west":{"uv":[6.5,0,7,1.25],"texture":"#0"},"up":{"uv":[6.5,0,7,1.25],"texture":"#0"},"down":{"uv":[6.5,0,7,1.25],"texture":"#0"}}},{"from":[6.87494,29.04257,8],"to":[7.27494,29.14257,8],"rotation":{"angle":-45,"axis":"z","origin":[7.87494,25.34257,8]},"faces":{"north":{"uv":[6.5,0,7,1.25],"texture":"#0"},"east":{"uv":[6.5,0,7,1.25],"texture":"#0"},"south":{"uv":[7,0,6.5,1.25],"texture":"#0"},"west":{"uv":[6.5,0,7,1.25],"texture":"#0"},"up":{"uv":[6.5,0,7,1.25],"texture":"#0"},"down":{"uv":[6.5,0,7,1.25],"texture":"#0"}}},{"from":[6.87494,29.14257,8],"to":[7.07494,29.24257,8],"rotation":{"angle":-45,"axis":"z","origin":[7.87494,25.34257,8]},"faces":{"north":{"uv":[6.5,0,7,1.25],"texture":"#0"},"east":{"uv":[6.5,0,7,1.25],"texture":"#0"},"south":{"uv":[7,0,6.5,1.25],"texture":"#0"},"west":{"uv":[6.5,0,7,1.25],"texture":"#0"},"up":{"uv":[6.5,0,7,1.25],"texture":"#0"},"down":{"uv":[6.5,0,7,1.25],"texture":"#0"}}},{"from":[9.9,27.1,8],"to":[10,28.8,8],"rotation":{"angle":0,"axis":"y","origin":[9.15,27.35,7.5]},"faces":{"north":{"uv":[6.5,0,7,1.25],"rotation":270,"texture":"#0"},"east":{"uv":[6.5,0,7,1.25],"rotation":90,"texture":"#0"},"south":{"uv":[7,0,6.5,1.25],"rotation":90,"texture":"#0"},"west":{"uv":[6.5,0,7,1.25],"rotation":90,"texture":"#0"},"up":{"uv":[6.5,0,7,1.25],"rotation":90,"texture":"#0"},"down":{"uv":[6.5,0,7,1.25],"rotation":90,"texture":"#0"}}},{"from":[8.5754,26.81474,7.502],"to":[9.1714,27.41074,8.498],"rotation":{"angle":-45,"axis":"z","origin":[9.3234,26.36274,8]},"faces":{"north":{"uv":[3.25,6.5,3.5,7.75],"texture":"#0"},"east":{"uv":[1.5,6.75,1.75,8],"texture":"#0"},"south":{"uv":[1.75,6.75,2,8],"texture":"#0"},"west":{"uv":[2,6.75,2.25,8],"texture":"#0"},"up":{"uv":[7.5,3.25,7.25,3],"texture":"#0"},"down":{"uv":[7.5,3.25,7.25,3.5],"texture":"#0"}}},{"from":[8.5734,27.36274,7.5],"to":[8.8734,27.71274,8.5],"rotation":{"angle":-45,"axis":"z","origin":[9.3234,26.36274,8]},"faces":{"north":{"uv":[3.25,6.5,3.5,7.75],"texture":"#0"},"east":{"uv":[1.5,6.75,1.75,8],"texture":"#0"},"south":{"uv":[1.75,6.75,2,8],"texture":"#0"},"west":{"uv":[2,6.75,2.25,8],"texture":"#0"},"up":{"uv":[7.5,3.25,7.25,3],"texture":"#0"},"down":{"uv":[7.5,3.25,7.25,3.5],"texture":"#0"}}},{"from":[8.58231,27.57165,7.498],"to":[8.68631,27.92565,8.502],"rotation":{"angle":-45,"axis":"z","origin":[9.33431,26.37365,8]},"faces":{"north":{"uv":[3.25,6.5,3.5,7.75],"texture":"#0"},"east":{"uv":[1.5,6.75,1.75,8],"texture":"#0"},"south":{"uv":[1.75,6.75,2,8],"texture":"#0"},"west":{"uv":[2,6.75,2.25,8],"texture":"#0"},"up":{"uv":[7.5,3.25,7.25,3],"texture":"#0"},"down":{"uv":[7.5,3.25,7.25,3.5],"texture":"#0"}}},{"from":[9.902,23.902,7.502],"to":[9.998,27.998,8.498],"rotation":{"angle":0,"axis":"y","origin":[8.5,1.1,8]},"faces":{"north":{"uv":[7,6,7.25,6.75],"texture":"#0"},"east":{"uv":[7,6.75,7.25,7.5],"texture":"#0"},"south":{"uv":[7.25,0,7.5,0.75],"texture":"#0"},"west":{"uv":[7.25,1.5,7.5,2.25],"texture":"#0"},"up":{"uv":[7.5,3.75,7.25,3.5],"texture":"#0"},"down":{"uv":[7.5,3.75,7.25,4],"texture":"#0"}}},{"from":[8.6754,27.41474,7.502],"to":[8.7714,27.81074,8.498],"rotation":{"angle":-45,"axis":"z","origin":[9.3234,26.36274,8]},"faces":{"north":{"uv":[3.25,6.5,3.5,7.75],"texture":"#0"},"east":{"uv":[1.5,6.75,1.75,8],"texture":"#0"},"south":{"uv":[1.75,6.75,2,8],"texture":"#0"},"west":{"uv":[2,6.75,2.25,8],"texture":"#0"},"up":{"uv":[7.5,3.25,7.25,3],"texture":"#0"},"down":{"uv":[7.5,3.25,7.25,3.5],"texture":"#0"}}},{"from":[8.8734,27.31274,7.5],"to":[9.0734,27.51274,8.5],"rotation":{"angle":-45,"axis":"z","origin":[9.3234,26.36274,8]},"faces":{"north":{"uv":[3.25,6.5,3.5,7.75],"texture":"#0"},"east":{"uv":[1.5,6.75,1.75,8],"texture":"#0"},"south":{"uv":[1.75,6.75,2,8],"texture":"#0"},"west":{"uv":[2,6.75,2.25,8],"texture":"#0"},"up":{"uv":[7.5,3.25,7.25,3],"texture":"#0"},"down":{"uv":[7.5,3.25,7.25,3.5],"texture":"#0"}}},{"from":[8.8734,27.51274,7.5],"to":[8.9734,27.61274,8.5],"rotation":{"angle":-45,"axis":"z","origin":[9.3234,26.36274,8]},"faces":{"north":{"uv":[3.25,6.5,3.5,7.75],"texture":"#0"},"east":{"uv":[1.5,6.75,1.75,8],"texture":"#0"},"south":{"uv":[1.75,6.75,2,8],"texture":"#0"},"west":{"uv":[2,6.75,2.25,8],"texture":"#0"},"up":{"uv":[7.5,3.25,7.25,3],"texture":"#0"},"down":{"uv":[7.5,3.25,7.25,3.5],"texture":"#0"}}},{"from":[9.1734,27.21274,7.5],"to":[9.2734,27.31274,8.5],"rotation":{"angle":-45,"axis":"z","origin":[9.3234,26.36274,8]},"faces":{"north":{"uv":[3.25,6.5,3.5,7.75],"texture":"#0"},"east":{"uv":[1.5,6.75,1.75,8],"texture":"#0"},"south":{"uv":[1.75,6.75,2,8],"texture":"#0"},"west":{"uv":[2,6.75,2.25,8],"texture":"#0"},"up":{"uv":[7.5,3.25,7.25,3],"texture":"#0"},"down":{"uv":[7.5,3.25,7.25,3.5],"texture":"#0"}}},{"from":[5.5,2,6.5],"to":[10.5,7,9.5],"rotation":{"angle":-45,"axis":"z","origin":[8,4.5,8]},"faces":{"north":{"uv":[4,0,5.25,1.25],"texture":"#0"},"east":{"uv":[5,3.5,5.75,4.75],"texture":"#0"},"south":{"uv":[4,1.25,5.25,2.5],"texture":"#0"},"west":{"uv":[5,4.75,5.75,6],"texture":"#0"},"up":{"uv":[6.5,0.75,5.25,0],"texture":"#0"},"down":{"uv":[6.5,0.75,5.25,1.5],"texture":"#0"}}},{"from":[7.5,3.5,6.4],"to":[8.5,6.5,6.4],"rotation":{"angle":0,"axis":"y","origin":[8,-2.3,8]},"faces":{"north":{"uv":[7,0,7.25,0.75],"texture":"#0"},"east":{"uv":[0,0,0,0.75],"texture":"#0"},"south":{"uv":[7,1.5,7.25,2.25],"texture":"#0"},"west":{"uv":[0,0,0,0.75],"texture":"#0"},"up":{"uv":[0.25,0,0,0],"texture":"#0"},"down":{"uv":[0.25,0,0,0],"texture":"#0"}}},{"from":[3.5,2.5,7],"to":[12.5,3.5,9],"rotation":{"angle":0,"axis":"y","origin":[8,3,8]},"faces":{"north":{"uv":[1,6.5,3.25,6.75],"texture":"#0"},"east":{"uv":[7,5.25,7.5,5.5],"texture":"#0"},"south":{"uv":[6.5,1.25,8.75,1.5],"texture":"#0"},"west":{"uv":[7.25,2.5,7.75,2.75],"texture":"#0"},"up":{"uv":[6.75,3,4.5,2.5],"texture":"#0"},"down":{"uv":[6.75,3,4.5,3.5],"texture":"#0"}}},{"from":[4.52,1.82,7.02],"to":[11.48,2.78,8.98],"rotation":{"angle":0,"axis":"y","origin":[8,3,8]},"faces":{"north":{"uv":[6.5,5.5,8.25,5.75],"texture":"#0"},"east":{"uv":[2.75,7.25,3.25,7.5],"texture":"#0"},"south":{"uv":[6.5,5.75,8.25,6],"texture":"#0"},"west":{"uv":[7.25,2.75,7.75,3],"texture":"#0"},"up":{"uv":[7,2,5.25,1.5],"texture":"#0"},"down":{"uv":[7,2,5.25,2.5],"texture":"#0"}}},{"from":[6.95,-7.05,6.95],"to":[9.05,2.05,9.05],"rotation":{"angle":0,"axis":"y","origin":[8,-4,8]},"faces":{"north":{"uv":[4,2.5,4.5,4.75],"texture":"#0"},"east":{"uv":[0,4.25,0.5,6.5],"texture":"#0"},"south":{"uv":[0.5,4.25,1,6.5],"texture":"#0"},"west":{"uv":[1,4.25,1.5,6.5],"texture":"#0"},"up":{"uv":[2.75,7.25,2.25,6.75],"texture":"#0"},"down":{"uv":[7.25,2.5,6.75,3],"texture":"#0"}}},{"from":[7.4,-10,6.5],"to":[9.4,-5,9.5],"rotation":{"angle":0,"axis":"y","origin":[7.9,-1,8]},"faces":{"north":{"uv":[4,4.75,4.5,6],"texture":"#0"},"east":{"uv":[5.75,3.5,6.5,4.75],"texture":"#0"},"south":{"uv":[4,6,4.5,7.25],"texture":"#0"},"west":{"uv":[5.75,4.75,6.5,6],"texture":"#0"},"up":{"uv":[7,6.75,6.5,6],"texture":"#0"},"down":{"uv":[1.5,6.75,1,7.5],"texture":"#0"}}},{"from":[8.5,-8.7,9.2],"to":[10.5,-3.7,9.2],"rotation":{"angle":-22.5,"axis":"y","origin":[8.7,-6.2,9.5]},"faces":{"north":{"uv":[5,6,5.5,7.25],"texture":"#0"},"east":{"uv":[0,0,0,1.25],"texture":"#0"},"south":{"uv":[5.5,6,6,7.25],"texture":"#0"},"west":{"uv":[0,0,0,1.25],"texture":"#0"},"up":{"uv":[0.5,0,0,0],"texture":"#0"},"down":{"uv":[0.5,0,0,0],"texture":"#0"}}},{"from":[8.5,-8.7,6.8],"to":[10.5,-3.7,6.8],"rotation":{"angle":22.5,"axis":"y","origin":[8.7,-6.2,6.5]},"faces":{"north":{"uv":[6,6,6.5,7.25],"texture":"#0"},"east":{"uv":[0,0,0,1.25],"texture":"#0"},"south":{"uv":[0,6.5,0.5,7.75],"texture":"#0"},"west":{"uv":[0,0,0,1.25],"texture":"#0"},"up":{"uv":[0.5,0,0,0],"texture":"#0"},"down":{"uv":[0.5,0,0,0],"texture":"#0"}}},{"from":[6.48,-9.22,6.98],"to":[7.52,-5.18,9.02],"rotation":{"angle":-22.5,"axis":"z","origin":[6.9,-7.5,8]},"faces":{"north":{"uv":[6.5,6.75,6.75,7.75],"texture":"#0"},"east":{"uv":[6.5,3.5,7,4.5],"texture":"#0"},"south":{"uv":[6.75,6.75,7,7.75],"texture":"#0"},"west":{"uv":[6.5,4.5,7,5.5],"texture":"#0"},"up":{"uv":[2.5,7.75,2.25,7.25],"texture":"#0"},"down":{"uv":[2.75,7.25,2.5,7.75],"texture":"#0"}}},{"from":[7.5,3.5,9.6],"to":[8.5,6.5,9.6],"rotation":{"angle":0,"axis":"y","origin":[8,-0.3,8]},"faces":{"north":{"uv":[7,3.5,7.25,4.25],"texture":"#0"},"east":{"uv":[0,0,0,0.75],"texture":"#0"},"south":{"uv":[7,4.25,7.25,5],"texture":"#0"},"west":{"uv":[0,0,0,0.75],"texture":"#0"},"up":{"uv":[0.25,0,0,0],"texture":"#0"},"down":{"uv":[0.25,0,0,0],"texture":"#0"}}},{"from":[7,-7,7],"to":[9,2,9],"rotation":{"angle":0,"axis":"y","origin":[8,-1,8]},"faces":{"north":{"uv":[1.5,4.25,2,6.5],"texture":"#0"},"east":{"uv":[2,4.25,2.5,6.5],"texture":"#0"},"south":{"uv":[2.5,4.25,3,6.5],"texture":"#0"},"west":{"uv":[3,4.25,3.5,6.5],"texture":"#0"},"up":{"uv":[3.25,7.25,2.75,6.75],"texture":"#0"},"down":{"uv":[7.25,3,6.75,3.5],"texture":"#0"}}}],"gui_light":"front"}