{"display":{"thirdperson_righthand":{"translation":[0,0.5,2.5],"scale":[0.75,0.75,0.75]},"thirdperson_lefthand":{"rotation":[0,0,180],"translation":[0,-4.75,2.5],"scale":[0.75,0.75,0.75]},"firstperson_righthand":{"rotation":[40,0,75],"translation":[-3.5,2.5,4],"scale":[0.6,0.6,0.6]},"firstperson_lefthand":{"rotation":[40,0,-104],"translation":[2,1.25,2],"scale":[0.6,0.6,0.6]},"ground":{"rotation":[71,110,0],"translation":[-1,2.5,1.25],"scale":[0.5,0.5,0.5]},"gui":{"rotation":[-135,45,-90],"translation":[1,-3.75,0],"scale":[0.62,0.62,0.62]},"head":{"rotation":[90,0,-90],"translation":[5.25,11,0],"scale":[1.5,1.5,1.5]},"fixed":{"rotation":[90,-45,-90],"translation":[3.25,-2,-2.25],"scale":[0.9,0.9,0.9]}},"textures":{"0":"civilization:item/tools/soul_gauntlet/anim","1":"civilization:item/tools/soul_gauntlet/default","particle":"civilization:item/tools/soul_gauntlet/default"},"elements":[{"from":[4.46946,0.502,0.24662],"to":[9.46546,8.498,4.24262],"rotation":{"angle":22.5,"axis":"y","origin":[6.96746,4.5,2.24462]},"faces":{"north":{"uv":[4.5,8.5,5.75,10.5],"texture":"#1"},"east":{"uv":[7,8.5,8,10.5],"texture":"#1"},"south":{"uv":[5.75,8.5,7,10.5],"texture":"#1"},"west":{"uv":[1.5,8.75,2.5,10.75],"texture":"#1"},"up":{"uv":[10.75,6.5,9.5,5.5],"texture":"#1"},"down":{"uv":[10.75,6.5,9.5,7.5],"texture":"#1"}}},{"from":[3.5,-1,0.5],"to":[6.5,2,8.5],"rotation":{"angle":0,"axis":"y","origin":[5,2,3.25]},"faces":{"north":{"uv":[9.5,9.5,10.25,10.25],"texture":"#1"},"east":{"uv":[9,0,11,0.75],"texture":"#1"},"south":{"uv":[9.75,1.5,10.5,2.25],"texture":"#1"},"west":{"uv":[9,0.75,11,1.5],"texture":"#1"},"up":{"uv":[9.75,3.5,9,1.5],"texture":"#1"},"down":{"uv":[9.75,3.5,9,5.5],"texture":"#1"}}},{"from":[3.5,2,0.5],"to":[6.5,5,3.5],"rotation":{"angle":0,"axis":"y","origin":[5,2,3.25]},"faces":{"north":{"uv":[9.75,2.25,10.5,3],"texture":"#1"},"east":{"uv":[9.75,3,10.5,3.75],"texture":"#1"},"south":{"uv":[9.75,3.75,10.5,4.5],"texture":"#1"},"west":{"uv":[9.75,4.5,10.5,5.25],"texture":"#1"},"up":{"uv":[8.75,10.75,8,10],"texture":"#1"},"down":{"uv":[9.5,10,8.75,10.75],"texture":"#1"}}},{"from":[4.998,-0.002,2.998],"to":[11.002,9.002,11.002],"rotation":{"angle":0,"axis":"y","origin":[6.75,2.75,5.5]},"faces":{"north":{"uv":[2,4.5,3.5,6.75],"texture":"#1"},"east":{"uv":[0,0,2,2.25],"texture":"#1"},"south":{"uv":[6,0,7.5,2.25],"texture":"#1"},"west":{"uv":[2,0,4,2.25],"texture":"#1"},"up":{"uv":[9.5,8,8,6],"texture":"#1"},"down":{"uv":[9.5,8,8,10],"texture":"#1"}}},{"from":[11.2552,-1.5,16.65165],"to":[27.2552,8.5,16.65165],"rotation":{"angle":-45,"axis":"y","origin":[15.05,4,16.82843]},"faces":{"north":{"uv":[16,16,0,6],"texture":"#0"},"south":{"uv":[0,16,16,6],"texture":"#0"}}},{"from":[11.55,2.5,12],"to":[12.55,6.5,16],"rotation":{"angle":0,"axis":"y","origin":[15.4,4,16.82843]},"faces":{"north":{"uv":[12,0,13,4],"texture":"#0"},"east":{"uv":[9,0,13,4],"texture":"#0"},"south":{"uv":[9,0,10,4],"texture":"#0"},"west":{"uv":[9,0,13,4],"texture":"#0"},"up":{"uv":[13,1,9,0],"rotation":90,"texture":"#0"},"down":{"uv":[9,4,13,3],"rotation":90,"texture":"#0"}}},{"from":[10.75,0.5,4.5],"to":[11.75,2.5,7.5],"rotation":{"angle":0,"axis":"y","origin":[6.5,2.75,6]},"faces":{"north":{"uv":[0,2,2,3],"rotation":90,"texture":"#0"},"east":{"uv":[2,0,0,3],"rotation":270,"texture":"#0"},"south":{"uv":[0,0,2,1],"rotation":90,"texture":"#0"},"up":{"uv":[1,3,0,0],"texture":"#0"},"down":{"uv":[2,0,1,3],"texture":"#0"}}},{"from":[10.75,3.5,4.5],"to":[11.75,5.5,7.5],"rotation":{"angle":0,"axis":"y","origin":[6.5,5.75,6]},"faces":{"north":{"uv":[3,2,5,3],"rotation":90,"texture":"#0"},"east":{"uv":[5,0,3,3],"rotation":270,"texture":"#0"},"south":{"uv":[3,0,5,1],"rotation":90,"texture":"#0"},"up":{"uv":[4,3,3,0],"texture":"#0"},"down":{"uv":[5,0,4,3],"texture":"#0"}}},{"from":[10.75,6.5,4.5],"to":[11.75,8.5,7.5],"rotation":{"angle":0,"axis":"y","origin":[6.5,8.75,6]},"faces":{"north":{"uv":[6,3,8,2],"rotation":90,"texture":"#0"},"east":{"uv":[8,0,6,3],"rotation":270,"texture":"#0"},"south":{"uv":[6,0,8,1],"rotation":90,"texture":"#0"},"west":{"uv":[0,0,0,0],"rotation":90,"texture":"#0"},"up":{"uv":[7,3,6,0],"texture":"#0"},"down":{"uv":[8,0,7,3],"texture":"#0"}}},{"from":[4.699,-0.301,2.699],"to":[11.301,9.301,11.301],"rotation":{"angle":0,"axis":"y","origin":[6.75,2.75,5.5]},"faces":{"north":{"uv":[6,2.25,7.5,4.5],"texture":"#1"},"east":{"uv":[0,2.25,2,4.5],"texture":"#1"},"south":{"uv":[3.5,6,5,8.25],"texture":"#1"},"west":{"uv":[2,2.25,4,4.5],"texture":"#1"},"up":{"uv":[4.5,10.25,3,8.25],"texture":"#1"},"down":{"uv":[1.5,8.5,0,10.5],"texture":"#1"}}},{"name":"out","from":[5.199,0.199,10.699],"to":[11.801,8.801,19.301],"rotation":{"angle":0,"axis":"y","origin":[8,4.5,15]},"faces":{"north":{"uv":[6,4.5,7.5,6.5],"texture":"#1"},"east":{"uv":[4,0,6,2],"texture":"#1"},"south":{"uv":[0,6.5,1.5,8.5],"texture":"#1"},"west":{"uv":[4,2,6,4],"texture":"#1"},"up":{"uv":[6.5,8.5,5,6.5],"texture":"#1"},"down":{"uv":[8,6.5,6.5,8.5],"texture":"#1"}}},{"name":"out","from":[5.499,0.499,10.999],"to":[11.501,8.501,19.001],"rotation":{"angle":0,"axis":"y","origin":[8,4.5,15]},"faces":{"north":{"uv":[1.5,6.75,3,8.75],"texture":"#1"},"east":{"uv":[4,4,6,6],"texture":"#1"},"south":{"uv":[7.5,0,9,2],"texture":"#1"},"west":{"uv":[0,4.5,2,6.5],"texture":"#1"},"up":{"uv":[9,4,7.5,2],"texture":"#1"},"down":{"uv":[9,4,7.5,6],"texture":"#1"}}},{"from":[11.3,-0.3,2.7],"to":[4.9,9.3,11.3],"rotation":{"angle":0,"axis":"y","origin":[-12.15,2.75,5.5]},"faces":{"north":{"uv":[7.5,2.25,6,4.5],"texture":"#1"},"east":{"uv":[4,2.25,2,4.5],"texture":"#1"},"south":{"uv":[5,6,3.5,8.25],"texture":"#1"},"west":{"uv":[2,2.25,0,4.5],"texture":"#1"},"up":{"uv":[3,10.25,4.5,8.25],"texture":"#1"},"down":{"uv":[0,8.5,1.5,10.5],"texture":"#1"}}},{"name":"out","from":[11.8,0.2,10.7],"to":[5.4,8.8,19.3],"rotation":{"angle":0,"axis":"y","origin":[-12.4,4.5,15]},"faces":{"north":{"uv":[7.5,4.5,6,6.5],"texture":"#1"},"east":{"uv":[6,2,4,4],"texture":"#1"},"south":{"uv":[1.5,6.5,0,8.5],"texture":"#1"},"west":{"uv":[6,0,4,2],"texture":"#1"},"up":{"uv":[5,8.5,6.5,6.5],"texture":"#1"},"down":{"uv":[6.5,6.5,8,8.5],"texture":"#1"}}},{"name":"out","from":[11.5,0.5,11],"to":[5.5,8.5,19],"rotation":{"angle":0,"axis":"y","origin":[-13.5,4.5,15]},"faces":{"north":{"uv":[3,6.75,1.5,8.75],"texture":"#1"},"east":{"uv":[2,4.5,0,6.5],"texture":"#1"},"south":{"uv":[9,0,7.5,2],"texture":"#1"},"west":{"uv":[6,4,4,6],"texture":"#1"},"up":{"uv":[7.5,4,9,2],"texture":"#1"},"down":{"uv":[7.5,4,9,6],"texture":"#1"}}}]}