{"display":{"thirdperson_righthand":{"translation":[0,4,-0.25],"scale":[0.9,0.9,0.9]},"thirdperson_lefthand":{"translation":[0,4,-0.25],"scale":[0.9,0.9,0.9]},"firstperson_righthand":{"rotation":[22.5,20,0],"translation":[1.5,2.5,0],"scale":[0.45,0.45,0.45]},"firstperson_lefthand":{"rotation":[22.5,20,0],"translation":[1.5,2.5,0],"scale":[0.45,0.45,0.45]},"ground":{"rotation":[22,13,38],"translation":[0,4,0],"scale":[0.6,0.6,0.6]},"gui":{"rotation":[90,45,-90],"translation":[0,0.25,0],"scale":[0.65,0.65,0.65]},"head":{"translation":[0,16.5,-1.75]},"fixed":{"rotation":[90,45,-90],"translation":[0.75,0,0],"scale":[0.8,0.8,0.8]}},"texture_size":[128,128],"textures":{"0":"civilization:item/tools/beehive_blaster/flower_power/pulling/3","particle":"civilization:item/tools/beehive_blaster/flower_power/pulling/3"},"elements":[{"from":[3.96717,5.80762,-2.54829],"to":[5.96717,10.80762,3.45171],"rotation":{"angle":-22.5,"axis":"z","origin":[4.96717,8.30762,-1.54829]},"faces":{"north":{"uv":[0.875,6.125,1.125,6.75],"texture":"#0"},"east":{"uv":[6.25,1.75,7,2.375],"texture":"#0"},"south":{"uv":[8.375,4.875,8.625,5.5],"texture":"#0"},"west":{"uv":[6.5,0,7.25,0.625],"texture":"#0"},"up":{"uv":[7.875,3,7.625,2.25],"texture":"#0"},"down":{"uv":[3,7.625,2.75,8.375],"texture":"#0"}}},{"from":[4.38739,2.37381,-2.54829],"to":[6.38739,7.37381,3.45171],"rotation":{"angle":22.5,"axis":"z","origin":[6.23359,3.6074,-1.54829]},"faces":{"north":{"uv":[2.625,8.5,2.875,9.125],"texture":"#0"},"east":{"uv":[6.625,0.75,7.375,1.375],"texture":"#0"},"south":{"uv":[6,8.5,6.25,9.125],"texture":"#0"},"west":{"uv":[6.625,5.75,7.375,6.375],"texture":"#0"},"up":{"uv":[7.875,4.375,7.625,3.625],"texture":"#0"},"down":{"uv":[0.25,7.75,0,8.5],"texture":"#0"}}},{"from":[5,1.7612,-2.54829],"to":[11,3.7612,3.45171],"rotation":{"angle":0,"axis":"y","origin":[6.23359,3.6074,-1.54829]},"faces":{"north":{"uv":[7.625,4.5,8.375,4.75],"texture":"#0"},"east":{"uv":[7.75,7.25,8.5,7.5],"texture":"#0"},"south":{"uv":[7.75,7.625,8.5,7.875],"texture":"#0"},"west":{"uv":[7.875,1.25,8.625,1.5],"texture":"#0"},"up":{"uv":[0.75,5.375,0,4.625],"texture":"#0"},"down":{"uv":[1.625,4.625,0.875,5.375],"texture":"#0"}}},{"from":[9.61261,2.37381,-2.54829],"to":[11.61261,7.37381,3.45171],"rotation":{"angle":-22.5,"axis":"z","origin":[9.76641,3.6074,-1.54829]},"faces":{"north":{"uv":[6.375,8.5,6.625,9.125],"texture":"#0"},"east":{"uv":[6.625,6.5,7.375,7.125],"texture":"#0"},"south":{"uv":[6.75,8.5,7,9.125],"texture":"#0"},"west":{"uv":[6.75,3.625,7.5,4.25],"texture":"#0"},"up":{"uv":[0.625,8.5,0.375,7.75],"texture":"#0"},"down":{"uv":[3.375,7.875,3.125,8.625],"texture":"#0"}}},{"from":[10.03283,5.80762,-2.54829],"to":[12.03283,10.80762,3.45171],"rotation":{"angle":22.5,"axis":"z","origin":[11.03283,8.30762,-1.54829]},"faces":{"north":{"uv":[7.5,8.5,7.75,9.125],"texture":"#0"},"east":{"uv":[4.125,6.75,4.875,7.375],"texture":"#0"},"south":{"uv":[7.875,8.5,8.125,9.125],"texture":"#0"},"west":{"uv":[6.75,4.375,7.5,5],"texture":"#0"},"up":{"uv":[7.375,8.625,7.125,7.875],"texture":"#0"},"down":{"uv":[8.25,1.625,8,2.375],"texture":"#0"}}},{"from":[5,9,-2.54829],"to":[11,11,3.45171],"rotation":{"angle":0,"axis":"y","origin":[9,1,-1.54829]},"faces":{"north":{"uv":[7.875,3.125,8.625,3.375],"texture":"#0"},"east":{"uv":[8,0,8.75,0.25],"texture":"#0"},"south":{"uv":[1.75,8,2.5,8.25],"texture":"#0"},"west":{"uv":[8,2.5,8.75,2.75],"texture":"#0"},"up":{"uv":[5.5,0.75,4.75,0],"texture":"#0"},"down":{"uv":[2.5,4.75,1.75,5.5],"texture":"#0"}}},{"from":[5.01,3.01,-2.53829],"to":[10.99,8.99,-0.55829],"rotation":{"angle":0,"axis":"y","origin":[9,1,-1.54829]},"faces":{"north":{"uv":[4.875,0.875,5.625,1.625],"texture":"#0"},"east":{"uv":[8,3.5,8.25,4.25],"texture":"#0"},"south":{"uv":[5,4.125,5.75,4.875],"texture":"#0"},"west":{"uv":[8,4.875,8.25,5.625],"texture":"#0"},"up":{"uv":[8.75,6,8,5.75],"texture":"#0"},"down":{"uv":[8.75,6.125,8,6.375],"texture":"#0"}}},{"from":[5.55,9.95,-2.64829],"to":[7.05,10.45,-2.64829],"rotation":{"angle":0,"axis":"y","origin":[6.55,7.95,-2.39829]},"faces":{"north":{"uv":[7.5,1.25,7.75,1.375],"texture":"#0"},"east":{"uv":[4.75,0.875,4.75,1],"texture":"#0"},"south":{"uv":[7.625,4.875,7.875,5],"texture":"#0"},"west":{"uv":[4.875,5.25,4.875,5.375],"texture":"#0"},"up":{"uv":[4.5,4.125,4.25,4.125],"texture":"#0"},"down":{"uv":[4.875,4.125,4.625,4.125],"texture":"#0"}}},{"from":[5.46641,9.10381,-2.64829],"to":[7.06641,10.00381,-2.64829],"rotation":{"angle":0,"axis":"y","origin":[6.56641,8.00381,-2.39829]},"faces":{"north":{"uv":[8,2.875,8.25,3],"texture":"#0"},"east":{"uv":[3.875,5.375,3.875,5.5],"texture":"#0"},"south":{"uv":[8,7,8.25,7.125],"texture":"#0"},"west":{"uv":[4.875,5.5,4.875,5.625],"texture":"#0"},"up":{"uv":[5.5,4,5.25,4],"texture":"#0"},"down":{"uv":[1.5,5.5,1.25,5.5],"texture":"#0"}}},{"from":[5.56,8.1503,-2.63829],"to":[7.04,9.6303,-2.65829],"rotation":{"angle":0,"axis":"y","origin":[5.8584,8.60185,-2.39829]},"faces":{"north":{"uv":[3.125,6.875,3.25,7],"texture":"#0"},"east":{"uv":[3.5,7.875,3.625,8],"texture":"#0"},"south":{"uv":[8.375,7,8.5,7.125],"texture":"#0"},"west":{"uv":[8.75,3.25,8.875,3.375],"texture":"#0"},"up":{"uv":[9.5,4.25,9.375,4.125],"texture":"#0"},"down":{"uv":[6.75,10.125,6.625,10.25],"texture":"#0"}}},{"from":[5.29179,9.1519,-2.64829],"to":[5.79179,10.4019,-2.64829],"rotation":{"angle":-22.5,"axis":"z","origin":[5.54179,9.7769,-2.39829]},"faces":{"north":{"uv":[6.875,10.125,7,10.25],"texture":"#0"},"east":{"uv":[2.5,5.625,2.5,5.75],"texture":"#0"},"south":{"uv":[10.125,6.875,10.25,7],"texture":"#0"},"west":{"uv":[3.875,5.625,3.875,5.75],"texture":"#0"},"up":{"uv":[2.125,3.5,2,3.5],"texture":"#0"},"down":{"uv":[1.875,4.625,1.75,4.625],"texture":"#0"}}},{"from":[5.40685,8.30345,-2.63829],"to":[5.88685,9.53345,-2.65829],"rotation":{"angle":22.5,"axis":"z","origin":[5.8584,8.60185,-2.39829]},"faces":{"north":{"uv":[10.125,7.125,10.25,7.25],"texture":"#0"},"east":{"uv":[10.125,7.375,10.25,7.5],"texture":"#0"},"south":{"uv":[7.5,10.125,7.625,10.25],"texture":"#0"},"west":{"uv":[7.75,10.125,7.875,10.25],"texture":"#0"},"up":{"uv":[8.125,10.25,8,10.125],"texture":"#0"},"down":{"uv":[8.375,10.125,8.25,10.25],"texture":"#0"}}},{"from":[6.80821,9.1519,-2.64829],"to":[7.30821,10.4019,-2.64829],"rotation":{"angle":22.5,"axis":"z","origin":[7.05821,9.7769,-2.39829]},"faces":{"north":{"uv":[10.125,8.25,10.25,8.375],"texture":"#0"},"east":{"uv":[3.875,5.875,3.875,6],"texture":"#0"},"south":{"uv":[8.5,10.125,8.625,10.25],"texture":"#0"},"west":{"uv":[6,2.625,6,2.75],"texture":"#0"},"up":{"uv":[5.75,4,5.625,4],"texture":"#0"},"down":{"uv":[6,5.75,5.875,5.75],"texture":"#0"}}},{"from":[6.71315,8.30345,-2.63829],"to":[7.19315,9.53345,-2.65829],"rotation":{"angle":-22.5,"axis":"z","origin":[6.7416,8.60185,-2.39829]},"faces":{"north":{"uv":[8.75,10.125,8.875,10.25],"texture":"#0"},"east":{"uv":[9,10.125,9.125,10.25],"texture":"#0"},"south":{"uv":[10.125,9.125,10.25,9.25],"texture":"#0"},"west":{"uv":[9.25,10.125,9.375,10.25],"texture":"#0"},"up":{"uv":[10.25,9.5,10.125,9.375],"texture":"#0"},"down":{"uv":[9.625,10.125,9.5,10.25],"texture":"#0"}}},{"from":[5.55,4.15,-2.64829],"to":[7.05,4.65,-2.64829],"rotation":{"angle":0,"axis":"y","origin":[6.55,2.15,-2.39829]},"faces":{"north":{"uv":[8.375,2.875,8.625,3],"texture":"#0"},"east":{"uv":[6,2.875,6,3],"texture":"#0"},"south":{"uv":[9.75,9.5,10,9.625],"texture":"#0"},"west":{"uv":[4.75,6.125,4.75,6.25],"texture":"#0"},"up":{"uv":[3.625,6,3.375,6],"texture":"#0"},"down":{"uv":[6.375,5.75,6.125,5.75],"texture":"#0"}}},{"from":[5.46641,3.30381,-2.64829],"to":[7.06641,4.20381,-2.64829],"rotation":{"angle":0,"axis":"y","origin":[6.56641,2.20381,-2.39829]},"faces":{"north":{"uv":[9.875,4.25,10.125,4.375],"texture":"#0"},"east":{"uv":[4.75,6.375,4.75,6.5],"texture":"#0"},"south":{"uv":[9.875,4.5,10.125,4.625],"texture":"#0"},"west":{"uv":[6.625,3.625,6.625,3.75],"texture":"#0"},"up":{"uv":[6.5,2.5,6.25,2.5],"texture":"#0"},"down":{"uv":[8.25,4.375,8,4.375],"texture":"#0"}}},{"from":[5.56,2.3503,-2.63829],"to":[7.04,3.8303,-2.65829],"rotation":{"angle":0,"axis":"y","origin":[5.8584,2.80185,-2.39829]},"faces":{"north":{"uv":[0,10.25,0.125,10.375],"texture":"#0"},"east":{"uv":[10.25,0,10.375,0.125],"texture":"#0"},"south":{"uv":[0.25,10.25,0.375,10.375],"texture":"#0"},"west":{"uv":[10.25,0.25,10.375,0.375],"texture":"#0"},"up":{"uv":[0.625,10.375,0.5,10.25],"texture":"#0"},"down":{"uv":[10.375,0.5,10.25,0.625],"texture":"#0"}}},{"from":[5.29179,3.3519,-2.64829],"to":[5.79179,4.6019,-2.64829],"rotation":{"angle":-22.5,"axis":"z","origin":[5.54179,3.9769,-2.39829]},"faces":{"north":{"uv":[10.25,0.75,10.375,0.875],"texture":"#0"},"east":{"uv":[6.5,6.75,6.5,6.875],"texture":"#0"},"south":{"uv":[10.25,1,10.375,1.125],"texture":"#0"},"west":{"uv":[0.75,7,0.75,7.125],"texture":"#0"},"up":{"uv":[6.75,2.5,6.625,2.5],"texture":"#0"},"down":{"uv":[7.75,3.125,7.625,3.125],"texture":"#0"}}},{"from":[5.40685,2.50345,-2.63829],"to":[5.88685,3.73345,-2.65829],"rotation":{"angle":22.5,"axis":"z","origin":[5.8584,2.80185,-2.39829]},"faces":{"north":{"uv":[10.25,1.25,10.375,1.375],"texture":"#0"},"east":{"uv":[10.25,4.25,10.375,4.375],"texture":"#0"},"south":{"uv":[10.25,4.5,10.375,4.625],"texture":"#0"},"west":{"uv":[10.25,7.625,10.375,7.75],"texture":"#0"},"up":{"uv":[10.375,8,10.25,7.875],"texture":"#0"},"down":{"uv":[10.375,8.5,10.25,8.625],"texture":"#0"}}},{"from":[6.80821,3.3519,-2.64829],"to":[7.30821,4.6019,-2.64829],"rotation":{"angle":22.5,"axis":"z","origin":[7.05821,3.9769,-2.39829]},"faces":{"north":{"uv":[10.25,8.75,10.375,8.875],"texture":"#0"},"east":{"uv":[6.5,7,6.5,7.125],"texture":"#0"},"south":{"uv":[10.25,9.625,10.375,9.75],"texture":"#0"},"west":{"uv":[0.75,7.25,0.75,7.375],"texture":"#0"},"up":{"uv":[7.625,7.875,7.5,7.875],"texture":"#0"},"down":{"uv":[8.5,5.625,8.375,5.625],"texture":"#0"}}},{"from":[6.71315,2.50345,-2.63829],"to":[7.19315,3.73345,-2.65829],"rotation":{"angle":-22.5,"axis":"z","origin":[6.7416,2.80185,-2.39829]},"faces":{"north":{"uv":[9.75,10.25,9.875,10.375],"texture":"#0"},"east":{"uv":[10.25,9.875,10.375,10],"texture":"#0"},"south":{"uv":[10,10.25,10.125,10.375],"texture":"#0"},"west":{"uv":[10.25,10.125,10.375,10.25],"texture":"#0"},"up":{"uv":[0.875,10.5,0.75,10.375],"texture":"#0"},"down":{"uv":[1.125,10.375,1,10.5],"texture":"#0"}}},{"from":[8.95,4.15,-2.64829],"to":[10.45,4.65,-2.64829],"rotation":{"angle":0,"axis":"y","origin":[9.45,2.15,-2.39829]},"faces":{"north":{"uv":[5.625,9.875,5.875,10],"texture":"#0"},"east":{"uv":[7.875,1.625,7.875,1.75],"texture":"#0"},"south":{"uv":[6,9.875,6.25,10],"texture":"#0"},"west":{"uv":[7.875,1.875,7.875,2],"texture":"#0"},"up":{"uv":[9,8.375,8.75,8.375],"texture":"#0"},"down":{"uv":[9.375,2.75,9.125,2.75],"texture":"#0"}}},{"from":[8.93359,3.30381,-2.64829],"to":[10.53359,4.20381,-2.64829],"rotation":{"angle":0,"axis":"y","origin":[9.43359,2.20381,-2.39829]},"faces":{"north":{"uv":[6.375,9.875,6.625,10],"texture":"#0"},"east":{"uv":[8,0.375,8,0.5],"texture":"#0"},"south":{"uv":[7.5,9.875,7.75,10],"texture":"#0"},"west":{"uv":[2.625,8,2.625,8.125],"texture":"#0"},"up":{"uv":[10.75,5.25,10.5,5.25],"texture":"#0"},"down":{"uv":[10.75,8.875,10.5,8.875],"texture":"#0"}}},{"from":[8.96,2.3503,-2.63829],"to":[10.44,3.8303,-2.65829],"rotation":{"angle":0,"axis":"y","origin":[10.1416,2.80185,-2.39829]},"faces":{"north":{"uv":[1.25,10.375,1.375,10.5],"texture":"#0"},"east":{"uv":[1.5,10.375,1.625,10.5],"texture":"#0"},"south":{"uv":[1.75,10.375,1.875,10.5],"texture":"#0"},"west":{"uv":[2,10.375,2.125,10.5],"texture":"#0"},"up":{"uv":[2.375,10.5,2.25,10.375],"texture":"#0"},"down":{"uv":[2.625,10.375,2.5,10.5],"texture":"#0"}}},{"from":[10.20821,3.3519,-2.64829],"to":[10.70821,4.6019,-2.64829],"rotation":{"angle":22.5,"axis":"z","origin":[10.45821,3.9769,-2.39829]},"faces":{"north":{"uv":[2.75,10.375,2.875,10.5],"texture":"#0"},"east":{"uv":[2.625,8.25,2.625,8.375],"texture":"#0"},"south":{"uv":[10.375,2.75,10.5,2.875],"texture":"#0"},"west":{"uv":[3,8.5,3,8.625],"texture":"#0"},"up":{"uv":[8.75,5.625,8.625,5.625],"texture":"#0"},"down":{"uv":[9.125,4.375,9,4.375],"texture":"#0"}}},{"from":[10.11315,2.50345,-2.63829],"to":[10.59315,3.73345,-2.65829],"rotation":{"angle":-22.5,"axis":"z","origin":[10.1416,2.80185,-2.39829]},"faces":{"north":{"uv":[3,10.375,3.125,10.5],"texture":"#0"},"east":{"uv":[10.375,3,10.5,3.125],"texture":"#0"},"south":{"uv":[10.375,3.25,10.5,3.375],"texture":"#0"},"west":{"uv":[10.375,3.5,10.5,3.625],"texture":"#0"},"up":{"uv":[10.5,3.875,10.375,3.75],"texture":"#0"},"down":{"uv":[10.5,4,10.375,4.125],"texture":"#0"}}},{"from":[8.69179,3.3519,-2.64829],"to":[9.19179,4.6019,-2.64829],"rotation":{"angle":-22.5,"axis":"z","origin":[8.94179,3.9769,-2.39829]},"faces":{"north":{"uv":[10.375,4.75,10.5,4.875],"texture":"#0"},"east":{"uv":[5.875,8.625,5.875,8.75],"texture":"#0"},"south":{"uv":[5.25,10.375,5.375,10.5],"texture":"#0"},"west":{"uv":[5.875,8.875,5.875,9],"texture":"#0"},"up":{"uv":[5.875,9.125,5.75,9.125],"texture":"#0"},"down":{"uv":[9.25,8.375,9.125,8.375],"texture":"#0"}}},{"from":[8.80685,2.50345,-2.63829],"to":[9.28685,3.73345,-2.65829],"rotation":{"angle":22.5,"axis":"z","origin":[9.2584,2.80185,-2.39829]},"faces":{"north":{"uv":[10.375,5.375,10.5,5.5],"texture":"#0"},"east":{"uv":[10.375,5.625,10.5,5.75],"texture":"#0"},"south":{"uv":[10.375,5.875,10.5,6],"texture":"#0"},"west":{"uv":[10.375,6.125,10.5,6.25],"texture":"#0"},"up":{"uv":[10.5,6.5,10.375,6.375],"texture":"#0"},"down":{"uv":[6.75,10.375,6.625,10.5],"texture":"#0"}}},{"from":[8.95,9.95,-2.64829],"to":[10.45,10.45,-2.64829],"rotation":{"angle":0,"axis":"y","origin":[9.45,7.95,-2.39829]},"faces":{"north":{"uv":[9.875,7.75,10.125,7.875],"texture":"#0"},"east":{"uv":[5.25,9.375,5.25,9.5],"texture":"#0"},"south":{"uv":[7.875,9.875,8.125,10],"texture":"#0"},"west":{"uv":[3.25,9.875,3.25,10],"texture":"#0"},"up":{"uv":[10.875,3,10.625,3],"texture":"#0"},"down":{"uv":[10.875,3.125,10.625,3.125],"texture":"#0"}}},{"from":[8.93359,9.10381,-2.64829],"to":[10.53359,10.00381,-2.64829],"rotation":{"angle":0,"axis":"y","origin":[9.43359,8.00381,-2.39829]},"faces":{"north":{"uv":[9.875,8,10.125,8.125],"texture":"#0"},"east":{"uv":[6.75,9.875,6.75,10],"texture":"#0"},"south":{"uv":[8.25,9.875,8.5,10],"texture":"#0"},"west":{"uv":[7.125,10.125,7.125,10.25],"texture":"#0"},"up":{"uv":[10.875,3.25,10.625,3.25],"texture":"#0"},"down":{"uv":[10.875,3.375,10.625,3.375],"texture":"#0"}}},{"from":[8.96,8.1503,-2.63829],"to":[10.44,9.6303,-2.65829],"rotation":{"angle":0,"axis":"y","origin":[10.1416,8.60185,-2.39829]},"faces":{"north":{"uv":[10.375,6.625,10.5,6.75],"texture":"#0"},"east":{"uv":[6.875,10.375,7,10.5],"texture":"#0"},"south":{"uv":[10.375,6.875,10.5,7],"texture":"#0"},"west":{"uv":[7.125,10.375,7.25,10.5],"texture":"#0"},"up":{"uv":[10.5,7.25,10.375,7.125],"texture":"#0"},"down":{"uv":[7.5,10.375,7.375,10.5],"texture":"#0"}}},{"from":[10.20821,9.1519,-2.64829],"to":[10.70821,10.4019,-2.64829],"rotation":{"angle":22.5,"axis":"z","origin":[10.45821,9.7769,-2.39829]},"faces":{"north":{"uv":[10.375,7.375,10.5,7.5],"texture":"#0"},"east":{"uv":[6.5,10.5,6.5,10.625],"texture":"#0"},"south":{"uv":[7.625,10.375,7.75,10.5],"texture":"#0"},"west":{"uv":[10.125,10.5,10.125,10.625],"texture":"#0"},"up":{"uv":[7,9.25,6.875,9.25],"texture":"#0"},"down":{"uv":[9.625,3.625,9.5,3.625],"texture":"#0"}}},{"from":[10.11315,8.30345,-2.63829],"to":[10.59315,9.53345,-2.65829],"rotation":{"angle":-22.5,"axis":"z","origin":[10.1416,8.60185,-2.39829]},"faces":{"north":{"uv":[7.875,10.375,8,10.5],"texture":"#0"},"east":{"uv":[8.125,10.375,8.25,10.5],"texture":"#0"},"south":{"uv":[10.375,8.125,10.5,8.25],"texture":"#0"},"west":{"uv":[8.375,10.375,8.5,10.5],"texture":"#0"},"up":{"uv":[8.75,10.5,8.625,10.375],"texture":"#0"},"down":{"uv":[9,10.375,8.875,10.5],"texture":"#0"}}},{"from":[8.69179,9.1519,-2.64829],"to":[9.19179,10.4019,-2.64829],"rotation":{"angle":-22.5,"axis":"z","origin":[8.94179,9.7769,-2.39829]},"faces":{"north":{"uv":[10.375,9,10.5,9.125],"texture":"#0"},"east":{"uv":[10.625,3.5,10.625,3.625],"texture":"#0"},"south":{"uv":[9.125,10.375,9.25,10.5],"texture":"#0"},"west":{"uv":[10.625,3.75,10.625,3.875],"texture":"#0"},"up":{"uv":[9.625,5.5,9.5,5.5],"texture":"#0"},"down":{"uv":[9.625,8.25,9.5,8.25],"texture":"#0"}}},{"from":[8.80685,8.30345,-2.63829],"to":[9.28685,9.53345,-2.65829],"rotation":{"angle":22.5,"axis":"z","origin":[9.2584,8.60185,-2.39829]},"faces":{"north":{"uv":[10.375,9.25,10.5,9.375],"texture":"#0"},"east":{"uv":[9.375,10.375,9.5,10.5],"texture":"#0"},"south":{"uv":[10.25,10.375,10.375,10.5],"texture":"#0"},"west":{"uv":[0,10.5,0.125,10.625],"texture":"#0"},"up":{"uv":[10.625,0.125,10.5,0],"texture":"#0"},"down":{"uv":[0.375,10.5,0.25,10.625],"texture":"#0"}}},{"from":[4.25,7.05,-2.64829],"to":[5.75,7.55,-2.64829],"rotation":{"angle":0,"axis":"y","origin":[5.25,5.05,-2.39829]},"faces":{"north":{"uv":[9.875,8.625,10.125,8.75],"texture":"#0"},"east":{"uv":[10.625,4,10.625,4.125],"texture":"#0"},"south":{"uv":[9.875,8.875,10.125,9],"texture":"#0"},"west":{"uv":[10.625,4.75,10.625,4.875],"texture":"#0"},"up":{"uv":[10.875,5.375,10.625,5.375],"texture":"#0"},"down":{"uv":[10.875,5.5,10.625,5.5],"texture":"#0"}}},{"from":[4.16641,6.20381,-2.64829],"to":[5.76641,7.10381,-2.64829],"rotation":{"angle":0,"axis":"y","origin":[5.26641,5.10381,-2.39829]},"faces":{"north":{"uv":[9.875,9.75,10.125,9.875],"texture":"#0"},"east":{"uv":[5.25,10.625,5.25,10.75],"texture":"#0"},"south":{"uv":[0,10,0.25,10.125],"texture":"#0"},"west":{"uv":[5.375,10.625,5.375,10.75],"texture":"#0"},"up":{"uv":[10.875,5.625,10.625,5.625],"texture":"#0"},"down":{"uv":[10.875,5.75,10.625,5.75],"texture":"#0"}}},{"from":[4.26,5.2503,-2.63829],"to":[5.74,6.7303,-2.65829],"rotation":{"angle":0,"axis":"y","origin":[4.5584,5.70185,-2.39829]},"faces":{"north":{"uv":[10.5,0.25,10.625,0.375],"texture":"#0"},"east":{"uv":[0.5,10.5,0.625,10.625],"texture":"#0"},"south":{"uv":[10.5,0.5,10.625,0.625],"texture":"#0"},"west":{"uv":[10.5,0.75,10.625,0.875],"texture":"#0"},"up":{"uv":[10.625,1.125,10.5,1],"texture":"#0"},"down":{"uv":[10.625,1.25,10.5,1.375],"texture":"#0"}}},{"from":[3.99179,6.2519,-2.64829],"to":[4.49179,7.5019,-2.64829],"rotation":{"angle":-22.5,"axis":"z","origin":[4.24179,6.8769,-2.39829]},"faces":{"north":{"uv":[10.5,1.5,10.625,1.625],"texture":"#0"},"east":{"uv":[10.625,5.875,10.625,6],"texture":"#0"},"south":{"uv":[10.5,1.75,10.625,1.875],"texture":"#0"},"west":{"uv":[10.625,6.125,10.625,6.25],"texture":"#0"},"up":{"uv":[10.75,6.375,10.625,6.375],"texture":"#0"},"down":{"uv":[10.75,6.5,10.625,6.5],"texture":"#0"}}},{"from":[4.10685,5.40345,-2.63829],"to":[4.58685,6.63345,-2.65829],"rotation":{"angle":22.5,"axis":"z","origin":[4.5584,5.70185,-2.39829]},"faces":{"north":{"uv":[10.5,2,10.625,2.125],"texture":"#0"},"east":{"uv":[10.5,2.25,10.625,2.375],"texture":"#0"},"south":{"uv":[10.5,2.5,10.625,2.625],"texture":"#0"},"west":{"uv":[3.25,10.5,3.375,10.625],"texture":"#0"},"up":{"uv":[3.625,10.625,3.5,10.5],"texture":"#0"},"down":{"uv":[3.875,10.5,3.75,10.625],"texture":"#0"}}},{"from":[5.50821,6.2519,-2.64829],"to":[6.00821,7.5019,-2.64829],"rotation":{"angle":22.5,"axis":"z","origin":[5.75821,6.8769,-2.39829]},"faces":{"north":{"uv":[4,10.5,4.125,10.625],"texture":"#0"},"east":{"uv":[6.625,10.625,6.625,10.75],"texture":"#0"},"south":{"uv":[4.25,10.5,4.375,10.625],"texture":"#0"},"west":{"uv":[10.625,6.625,10.625,6.75],"texture":"#0"},"up":{"uv":[6.875,10.625,6.75,10.625],"texture":"#0"},"down":{"uv":[10.75,6.875,10.625,6.875],"texture":"#0"}}},{"from":[5.41315,5.40345,-2.63829],"to":[5.89315,6.63345,-2.65829],"rotation":{"angle":-22.5,"axis":"z","origin":[5.4416,5.70185,-2.39829]},"faces":{"north":{"uv":[10.5,4.25,10.625,4.375],"texture":"#0"},"east":{"uv":[4.5,10.5,4.625,10.625],"texture":"#0"},"south":{"uv":[10.5,4.5,10.625,4.625],"texture":"#0"},"west":{"uv":[4.75,10.5,4.875,10.625],"texture":"#0"},"up":{"uv":[5.125,10.625,5,10.5],"texture":"#0"},"down":{"uv":[10.625,5,10.5,5.125],"texture":"#0"}}},{"from":[10.25,7.05,-2.64829],"to":[11.75,7.55,-2.64829],"rotation":{"angle":0,"axis":"y","origin":[10.75,5.05,-2.39829]},"faces":{"north":{"uv":[9.875,10,10.125,10.125],"texture":"#0"},"east":{"uv":[7,10.625,7,10.75],"texture":"#0"},"south":{"uv":[0.75,10.125,1,10.25],"texture":"#0"},"west":{"uv":[10.625,7,10.625,7.125],"texture":"#0"},"up":{"uv":[7.375,10.625,7.125,10.625],"texture":"#0"},"down":{"uv":[10.875,7.25,10.625,7.25],"texture":"#0"}}},{"from":[10.23359,6.20381,-2.64829],"to":[11.83359,7.10381,-2.64829],"rotation":{"angle":0,"axis":"y","origin":[10.73359,5.10381,-2.39829]},"faces":{"north":{"uv":[1.125,10.125,1.375,10.25],"texture":"#0"},"east":{"uv":[10.625,7.375,10.625,7.5],"texture":"#0"},"south":{"uv":[1.5,10.125,1.75,10.25],"texture":"#0"},"west":{"uv":[7.5,10.625,7.5,10.75],"texture":"#0"},"up":{"uv":[7.875,10.625,7.625,10.625],"texture":"#0"},"down":{"uv":[8.25,10.625,8,10.625],"texture":"#0"}}},{"from":[10.26,5.2503,-2.63829],"to":[11.74,6.7303,-2.65829],"rotation":{"angle":0,"axis":"y","origin":[11.4416,5.70185,-2.39829]},"faces":{"north":{"uv":[5.5,10.5,5.625,10.625],"texture":"#0"},"east":{"uv":[5.75,10.5,5.875,10.625],"texture":"#0"},"south":{"uv":[6,10.5,6.125,10.625],"texture":"#0"},"west":{"uv":[6.25,10.5,6.375,10.625],"texture":"#0"},"up":{"uv":[10.625,7.75,10.5,7.625],"texture":"#0"},"down":{"uv":[10.625,7.875,10.5,8],"texture":"#0"}}},{"from":[11.50821,6.2519,-2.64829],"to":[12.00821,7.5019,-2.64829],"rotation":{"angle":22.5,"axis":"z","origin":[11.75821,6.8769,-2.39829]},"faces":{"north":{"uv":[10.5,8.375,10.625,8.5],"texture":"#0"},"east":{"uv":[10.625,8.125,10.625,8.25],"texture":"#0"},"south":{"uv":[10.5,8.625,10.625,8.75],"texture":"#0"},"west":{"uv":[8.375,10.625,8.375,10.75],"texture":"#0"},"up":{"uv":[8.625,10.625,8.5,10.625],"texture":"#0"},"down":{"uv":[8.875,10.625,8.75,10.625],"texture":"#0"}}},{"from":[11.41315,5.40345,-2.63829],"to":[11.89315,6.63345,-2.65829],"rotation":{"angle":-22.5,"axis":"z","origin":[11.4416,5.70185,-2.39829]},"faces":{"north":{"uv":[10.5,9.5,10.625,9.625],"texture":"#0"},"east":{"uv":[9.625,10.5,9.75,10.625],"texture":"#0"},"south":{"uv":[10.5,9.75,10.625,9.875],"texture":"#0"},"west":{"uv":[9.875,10.5,10,10.625],"texture":"#0"},"up":{"uv":[10.625,10.125,10.5,10],"texture":"#0"},"down":{"uv":[10.625,10.25,10.5,10.375],"texture":"#0"}}},{"from":[9.99179,6.2519,-2.64829],"to":[10.49179,7.5019,-2.64829],"rotation":{"angle":-22.5,"axis":"z","origin":[10.24179,6.8769,-2.39829]},"faces":{"north":{"uv":[10.5,10.5,10.625,10.625],"texture":"#0"},"east":{"uv":[9,10.625,9,10.75],"texture":"#0"},"south":{"uv":[0.75,10.625,0.875,10.75],"texture":"#0"},"west":{"uv":[10.625,9,10.625,9.125],"texture":"#0"},"up":{"uv":[9.25,10.625,9.125,10.625],"texture":"#0"},"down":{"uv":[10.75,9.25,10.625,9.25],"texture":"#0"}}},{"from":[10.10685,5.40345,-2.63829],"to":[10.58685,6.63345,-2.65829],"rotation":{"angle":22.5,"axis":"z","origin":[10.5584,5.70185,-2.39829]},"faces":{"north":{"uv":[1,10.625,1.125,10.75],"texture":"#0"},"east":{"uv":[1.25,10.625,1.375,10.75],"texture":"#0"},"south":{"uv":[1.5,10.625,1.625,10.75],"texture":"#0"},"west":{"uv":[1.75,10.625,1.875,10.75],"texture":"#0"},"up":{"uv":[2.125,10.75,2,10.625],"texture":"#0"},"down":{"uv":[2.375,10.625,2.25,10.75],"texture":"#0"}}},{"from":[7.0625,7.2125,-2.62329],"to":[8.9375,7.8375,-2.62329],"rotation":{"angle":0,"axis":"y","origin":[8,6.64394,-2.62329]},"faces":{"north":{"uv":[10.125,1.5,10.375,1.625],"texture":"#0"},"east":{"uv":[9.375,10.625,9.375,10.75],"texture":"#0"},"south":{"uv":[10.125,1.75,10.375,1.875],"texture":"#0"},"west":{"uv":[9.5,10.625,9.5,10.75],"texture":"#0"},"up":{"uv":[10.875,9.375,10.625,9.375],"texture":"#0"},"down":{"uv":[0.25,10.75,0,10.75],"texture":"#0"}}},{"from":[6.98302,6.15476,-2.62329],"to":[8.95802,7.27976,-2.62329],"rotation":{"angle":0,"axis":"y","origin":[8,6.64394,-2.62329]},"faces":{"north":{"uv":[1.875,10.125,2.125,10.25],"texture":"#0"},"east":{"uv":[10.25,10.625,10.25,10.75],"texture":"#0"},"south":{"uv":[10.125,2,10.375,2.125],"texture":"#0"},"west":{"uv":[10.375,10.625,10.375,10.75],"texture":"#0"},"up":{"uv":[11,0,10.75,0],"texture":"#0"},"down":{"uv":[11,0.125,10.75,0.125],"texture":"#0"}}},{"from":[7.075,4.96288,-2.61079],"to":[8.925,6.56288,-2.63579],"rotation":{"angle":0,"axis":"y","origin":[8,6.64394,-2.62329]},"faces":{"north":{"uv":[3.75,7.125,4,7.375],"texture":"#0"},"east":{"uv":[6,8.125,6.125,8.375],"texture":"#0"},"south":{"uv":[4.875,9.375,5.125,9.625],"texture":"#0"},"west":{"uv":[8.875,2.5,9,2.75],"texture":"#0"},"up":{"uv":[10.375,2.375,10.125,2.25],"texture":"#0"},"down":{"uv":[10.375,2.5,10.125,2.625],"texture":"#0"}}},{"from":[6.67711,5.82538,-2.62329],"to":[7.30211,7.38788,-2.62329],"rotation":{"angle":-22.5,"axis":"z","origin":[8,6.64394,-2.62329]},"faces":{"north":{"uv":[7.25,10,7.375,10.25],"texture":"#0"},"east":{"uv":[10.75,0.25,10.75,0.5],"texture":"#0"},"south":{"uv":[10.125,2.75,10.25,3],"texture":"#0"},"west":{"uv":[0.375,10.75,0.375,11],"texture":"#0"},"up":{"uv":[0.625,10.75,0.5,10.75],"texture":"#0"},"down":{"uv":[10.875,0.625,10.75,0.625],"texture":"#0"}}},{"from":[6.49826,5.45056,-2.61079],"to":[7.09826,6.98806,-2.63579],"rotation":{"angle":22.5,"axis":"z","origin":[8,6.64394,-2.62329]},"faces":{"north":{"uv":[10.125,3.125,10.25,3.375],"texture":"#0"},"east":{"uv":[3.25,10.125,3.375,10.375],"texture":"#0"},"south":{"uv":[3.5,10.125,3.625,10.375],"texture":"#0"},"west":{"uv":[10.125,3.5,10.25,3.75],"texture":"#0"},"up":{"uv":[2.625,10.75,2.5,10.625],"texture":"#0"},"down":{"uv":[2.875,10.625,2.75,10.75],"texture":"#0"}}},{"from":[8.69789,5.82538,-2.62329],"to":[9.32289,7.38788,-2.62329],"rotation":{"angle":22.5,"axis":"z","origin":[8,6.64394,-2.62329]},"faces":{"north":{"uv":[3.75,10.125,3.875,10.375],"texture":"#0"},"east":{"uv":[10.75,0.75,10.75,1],"texture":"#0"},"south":{"uv":[10.125,3.875,10.25,4.125],"texture":"#0"},"west":{"uv":[10.75,1.125,10.75,1.375],"texture":"#0"},"up":{"uv":[10.875,1.5,10.75,1.5],"texture":"#0"},"down":{"uv":[10.875,1.625,10.75,1.625],"texture":"#0"}}},{"from":[8.90174,5.45056,-2.61079],"to":[9.50174,6.98806,-2.63579],"rotation":{"angle":-22.5,"axis":"z","origin":[8,6.64394,-2.62329]},"faces":{"north":{"uv":[4,10.125,4.125,10.375],"texture":"#0"},"east":{"uv":[4.25,10.125,4.375,10.375],"texture":"#0"},"south":{"uv":[4.5,10.125,4.625,10.375],"texture":"#0"},"west":{"uv":[4.75,10.125,4.875,10.375],"texture":"#0"},"up":{"uv":[10.75,2.875,10.625,2.75],"texture":"#0"},"down":{"uv":[3.125,10.625,3,10.75],"texture":"#0"}}},{"from":[6,4,2.45171],"to":[10,8,11.45171],"rotation":{"angle":0,"axis":"y","origin":[8,6,6.95171]},"faces":{"north":{"uv":[7.375,5.125,7.875,5.625],"texture":"#0"},"east":{"uv":[2.625,5.375,3.75,5.875],"texture":"#0"},"south":{"uv":[7.5,0.625,8,1.125],"texture":"#0"},"west":{"uv":[0,5.5,1.125,6],"texture":"#0"},"up":{"uv":[1.75,6.75,1.25,5.625],"texture":"#0"},"down":{"uv":[2.375,5.625,1.875,6.75],"texture":"#0"}}},{"from":[3.9,6.2,3.45171],"to":[4.9,9.2,6.45171],"rotation":{"angle":-22.5,"axis":"z","origin":[4.4,7.5,4.95171]},"faces":{"north":{"uv":[9.875,1.5,10,1.875],"texture":"#0"},"east":{"uv":[0.75,8.875,1.125,9.25],"texture":"#0"},"south":{"uv":[9.875,2,10,2.375],"texture":"#0"},"west":{"uv":[8.875,0.75,9.25,1.125],"texture":"#0"},"up":{"uv":[2.375,10.25,2.25,9.875],"texture":"#0"},"down":{"uv":[2.625,9.875,2.5,10.25],"texture":"#0"}}},{"from":[11.1,6.2,3.45171],"to":[12.1,9.2,6.45171],"rotation":{"angle":22.5,"axis":"z","origin":[11.6,7.5,4.95171]},"faces":{"north":{"uv":[9.875,2.5,10,2.875],"texture":"#0"},"east":{"uv":[1.25,8.875,1.625,9.25],"texture":"#0"},"south":{"uv":[2.75,9.875,2.875,10.25],"texture":"#0"},"west":{"uv":[1.75,8.875,2.125,9.25],"texture":"#0"},"up":{"uv":[3.125,10.25,3,9.875],"texture":"#0"},"down":{"uv":[10,3.75,9.875,4.125],"texture":"#0"}}},{"from":[7,7,20.45171],"to":[9,9,21.45171],"rotation":{"angle":-22.5,"axis":"x","origin":[8,6,15.95171]},"faces":{"north":{"uv":[9.375,5.625,9.625,5.875],"texture":"#0"},"east":{"uv":[10.125,4.75,10.25,5],"texture":"#0"},"south":{"uv":[9.375,6,9.625,6.25],"texture":"#0"},"west":{"uv":[5,10.125,5.125,10.375],"texture":"#0"},"up":{"uv":[10.375,5.25,10.125,5.125],"texture":"#0"},"down":{"uv":[5.5,10.125,5.25,10.25],"texture":"#0"}}},{"from":[6.5,6.5,21.45171],"to":[9.5,9.5,22.45171],"rotation":{"angle":-22.5,"axis":"x","origin":[8,6,15.95171]},"faces":{"north":{"uv":[5.375,8.625,5.75,9],"texture":"#0"},"east":{"uv":[6.25,7.5,6.375,7.875],"texture":"#0"},"south":{"uv":[3,8.75,3.375,9.125],"texture":"#0"},"west":{"uv":[6.875,8,7,8.375],"texture":"#0"},"up":{"uv":[7,1.625,6.625,1.5],"texture":"#0"},"down":{"uv":[7.5,2.25,7.125,2.375],"texture":"#0"}}},{"from":[4.5,4.5,12.45171],"to":[11.5,11.5,20.45171],"rotation":{"angle":-22.5,"axis":"x","origin":[8,6,15.95171]},"faces":{"north":{"uv":[3.875,1.125,4.75,2],"texture":"#0"},"east":{"uv":[0,2.5,1,3.375],"texture":"#0"},"south":{"uv":[4.25,3.125,5.125,4],"texture":"#0"},"west":{"uv":[1.125,2.5,2.125,3.375],"texture":"#0"},"up":{"uv":[3.125,3.5,2.25,2.5],"texture":"#0"},"down":{"uv":[3.625,0,2.75,1],"texture":"#0"}}},{"name":"cube inverted","from":[11.5,11.5,20.45171],"to":[4.5,4.5,12.45171],"rotation":{"angle":-22.5,"axis":"x","origin":[8,6,15.95171]},"faces":{"north":{"uv":[4,4.25,4.875,5.125],"texture":"#0"},"east":{"uv":[2.75,1.125,3.75,2],"texture":"#0"},"south":{"uv":[4.375,2.125,5.25,3],"texture":"#0"},"west":{"uv":[3.25,2.125,4.25,3],"texture":"#0"},"up":{"uv":[4.125,4.125,3.25,3.125],"texture":"#0"},"down":{"uv":[0.875,3.5,0,4.5],"texture":"#0"}}},{"from":[5.5,6.87745,12.37663],"to":[10.5,8.87745,19.37663],"rotation":{"angle":-22.5,"axis":"x","origin":[5.5,6.87745,19.37663]},"faces":{"north":{"uv":[8.125,0.875,8.75,1.125],"texture":"#0"},"east":{"uv":[6.875,3.25,7.75,3.5],"texture":"#0"},"south":{"uv":[8.375,2.125,9,2.375],"texture":"#0"},"west":{"uv":[1.75,7.625,2.625,7.875],"texture":"#0"},"up":{"uv":[6.75,3.5,6.125,2.625],"texture":"#0"},"down":{"uv":[4,6.125,3.375,7],"texture":"#0"}}},{"from":[7,7,11.45171],"to":[9,9,14.45171],"rotation":{"angle":-22.5,"axis":"x","origin":[8,6,15.95171]},"faces":{"north":{"uv":[9.75,5.125,10,5.375],"texture":"#0"},"east":{"uv":[2.75,2.125,3.125,2.375],"texture":"#0"},"south":{"uv":[5.25,9.75,5.5,10],"texture":"#0"},"west":{"uv":[4.875,1.75,5.25,2],"texture":"#0"},"up":{"uv":[9.5,4.75,9.25,4.375],"texture":"#0"},"down":{"uv":[0.625,9.375,0.375,9.75],"texture":"#0"}}},{"from":[7,0,9.45171],"to":[9,5,11.45171],"rotation":{"angle":-22.5,"axis":"x","origin":[8,2,10.45171]},"faces":{"north":{"uv":[8.25,8.5,8.5,9.125],"texture":"#0"},"east":{"uv":[0,8.625,0.25,9.25],"texture":"#0"},"south":{"uv":[0.375,8.625,0.625,9.25],"texture":"#0"},"west":{"uv":[3.5,8.625,3.75,9.25],"texture":"#0"},"up":{"uv":[10,5.75,9.75,5.5],"texture":"#0"},"down":{"uv":[10,5.875,9.75,6.125],"texture":"#0"}}},{"from":[6.9,-0.1,9.35171],"to":[9.1,5.1,11.55171],"rotation":{"angle":-22.5,"axis":"x","origin":[8,2,10.45171]},"faces":{"north":{"uv":[3.875,8.625,4.125,9.25],"texture":"#0"},"east":{"uv":[4.25,8.625,4.5,9.25],"texture":"#0"},"south":{"uv":[4.625,8.625,4.875,9.25],"texture":"#0"},"west":{"uv":[5,8.625,5.25,9.25],"texture":"#0"},"up":{"uv":[10,6.5,9.75,6.25],"texture":"#0"},"down":{"uv":[10,6.625,9.75,6.875],"texture":"#0"}}},{"from":[8,1,5.45171],"to":[8,6,9.45171],"rotation":{"angle":-22.5,"axis":"x","origin":[8,2,10.45171]},"faces":{"north":{"uv":[8,10.75,8,11.375],"texture":"#0"},"east":{"uv":[3.125,7.125,3.625,7.75],"texture":"#0"},"south":{"uv":[8.125,10.75,8.125,11.375],"texture":"#0"},"west":{"uv":[6.5,7.25,7,7.875],"texture":"#0"},"up":{"uv":[8.25,11.25,8.25,10.75],"texture":"#0"},"down":{"uv":[8.5,10.75,8.5,11.25],"texture":"#0"}}},{"from":[5.1,7,9.45171],"to":[8.1,9,12.45171],"rotation":{"angle":22.5,"axis":"z","origin":[8,7,6.95171]},"faces":{"north":{"uv":[6.125,3.625,6.5,3.875],"texture":"#0"},"east":{"uv":[8.875,0,9.25,0.25],"texture":"#0"},"south":{"uv":[8.875,6.125,9.25,6.375],"texture":"#0"},"west":{"uv":[9.375,0,9.75,0.25],"texture":"#0"},"up":{"uv":[9.25,6,8.875,5.625],"texture":"#0"},"down":{"uv":[9,8.875,8.625,9.25],"texture":"#0"}}},{"from":[5.1,7,2.45171],"to":[8.1,9,7.45171],"rotation":{"angle":22.5,"axis":"z","origin":[8,7,6.95171]},"faces":{"north":{"uv":[0.75,9.375,1.125,9.625],"texture":"#0"},"east":{"uv":[8.5,4.5,9.125,4.75],"texture":"#0"},"south":{"uv":[9.375,0.75,9.75,1],"texture":"#0"},"west":{"uv":[8.625,6.5,9.25,6.75],"texture":"#0"},"up":{"uv":[7.875,6.375,7.5,5.75],"texture":"#0"},"down":{"uv":[7.875,6.5,7.5,7.125],"texture":"#0"}}},{"from":[6.15747,6.23567,3.45171],"to":[6.15747,15.23567,13.45171],"rotation":{"angle":45,"axis":"z","origin":[5.65747,8.73567,8.45171]},"faces":{"north":{"uv":[8.625,10.75,8.625,11.875],"texture":"#0"},"east":{"uv":[0,0,1.25,1.125],"texture":"#0"},"south":{"uv":[8.75,10.75,8.75,11.875],"texture":"#0"},"west":{"uv":[0,1.25,1.25,2.375],"texture":"#0"},"up":{"uv":[8.875,12,8.875,10.75],"texture":"#0"},"down":{"uv":[9.125,10.75,9.125,12],"texture":"#0"}}},{"from":[9.84253,6.23567,3.45171],"to":[9.84253,15.23567,13.45171],"rotation":{"angle":-45,"axis":"z","origin":[10.34253,8.73567,8.45171]},"faces":{"north":{"uv":[9.25,10.75,9.25,11.875],"texture":"#0"},"east":{"uv":[1.375,0,2.625,1.125],"texture":"#0"},"south":{"uv":[10.75,9.5,10.75,10.625],"texture":"#0"},"west":{"uv":[1.375,1.25,2.625,2.375],"texture":"#0"},"up":{"uv":[9.625,12,9.625,10.75],"texture":"#0"},"down":{"uv":[9.75,10.75,9.75,12],"texture":"#0"}}},{"from":[4.6,6.5,6.45171],"to":[8.6,9.5,10.45171],"rotation":{"angle":22.5,"axis":"z","origin":[8,6.5,4.95171]},"faces":{"north":{"uv":[5.375,8.125,5.875,8.5],"texture":"#0"},"east":{"uv":[8.125,8,8.625,8.375],"texture":"#0"},"south":{"uv":[0.75,8.375,1.25,8.75],"texture":"#0"},"west":{"uv":[1.375,8.375,1.875,8.75],"texture":"#0"},"up":{"uv":[4.25,8,3.75,7.5],"texture":"#0"},"down":{"uv":[4.875,7.5,4.375,8],"texture":"#0"}}},{"from":[7.9,7,9.45171],"to":[10.9,9,12.45171],"rotation":{"angle":-22.5,"axis":"z","origin":[8,7,6.95171]},"faces":{"north":{"uv":[1.25,9.375,1.625,9.625],"texture":"#0"},"east":{"uv":[1.75,9.375,2.125,9.625],"texture":"#0"},"south":{"uv":[3.375,9.375,3.75,9.625],"texture":"#0"},"west":{"uv":[9.375,3.75,9.75,4],"texture":"#0"},"up":{"uv":[9.375,2,9,1.625],"texture":"#0"},"down":{"uv":[9.375,3.25,9,3.625],"texture":"#0"}}},{"from":[7.4,6.5,6.45171],"to":[11.4,9.5,10.45171],"rotation":{"angle":-22.5,"axis":"z","origin":[8,6.5,4.95171]},"faces":{"north":{"uv":[8.375,1.625,8.875,2],"texture":"#0"},"east":{"uv":[2,8.375,2.5,8.75],"texture":"#0"},"south":{"uv":[8.375,3.5,8.875,3.875],"texture":"#0"},"west":{"uv":[8.375,4,8.875,4.375],"texture":"#0"},"up":{"uv":[5.5,8,5,7.5],"texture":"#0"},"down":{"uv":[6.125,7.5,5.625,8],"texture":"#0"}}},{"from":[7.9,7,2.45171],"to":[10.9,9,7.45171],"rotation":{"angle":-22.5,"axis":"z","origin":[8,7,6.95171]},"faces":{"north":{"uv":[3.875,9.375,4.25,9.625],"texture":"#0"},"east":{"uv":[8.625,6.875,9.25,7.125],"texture":"#0"},"south":{"uv":[4.375,9.375,4.75,9.625],"texture":"#0"},"west":{"uv":[8.625,7.25,9.25,7.5],"texture":"#0"},"up":{"uv":[1.125,8.25,0.75,7.625],"texture":"#0"},"down":{"uv":[1.625,7.625,1.25,8.25],"texture":"#0"}}},{"from":[5.5,2.60896,3.45171],"to":[10.5,4.60896,5.45171],"rotation":{"angle":0,"axis":"y","origin":[6.73359,4.45515,4.45171]},"faces":{"north":{"uv":[8.625,7.625,9.25,7.875],"texture":"#0"},"east":{"uv":[6.875,9.75,7.125,10],"texture":"#0"},"south":{"uv":[8.625,8.5,9.25,8.75],"texture":"#0"},"west":{"uv":[9.75,7,10,7.25],"texture":"#0"},"up":{"uv":[9.375,0.625,8.75,0.375],"texture":"#0"},"down":{"uv":[9.375,1.25,8.75,1.5],"texture":"#0"}}},{"from":[4.88739,3.22157,3.45171],"to":[6.88739,7.22157,5.45171],"rotation":{"angle":22.5,"axis":"z","origin":[6.73359,4.45515,4.45171]},"faces":{"north":{"uv":[2.625,4.75,2.875,5.25],"texture":"#0"},"east":{"uv":[7.125,8.75,7.375,9.25],"texture":"#0"},"south":{"uv":[2.25,8.875,2.5,9.375],"texture":"#0"},"west":{"uv":[9,3.75,9.25,4.25],"texture":"#0"},"up":{"uv":[10,7.625,9.75,7.375],"texture":"#0"},"down":{"uv":[10,8.25,9.75,8.5],"texture":"#0"}}},{"from":[4.46717,5.80762,3.45171],"to":[6.46717,9.80762,5.45171],"rotation":{"angle":-22.5,"axis":"z","origin":[5.46717,7.30762,4.45171]},"faces":{"north":{"uv":[9.125,2.125,9.375,2.625],"texture":"#0"},"east":{"uv":[5.375,9.125,5.625,9.625],"texture":"#0"},"south":{"uv":[9.125,8.875,9.375,9.375],"texture":"#0"},"west":{"uv":[2.625,9.25,2.875,9.75],"texture":"#0"},"up":{"uv":[8.875,10,8.625,9.75],"texture":"#0"},"down":{"uv":[10,9.125,9.75,9.375],"texture":"#0"}}},{"from":[5.5,8,3.45171],"to":[10.5,10,5.45171],"rotation":{"angle":0,"axis":"y","origin":[9.5,0,4.45171]},"faces":{"north":{"uv":[8.75,2.875,9.375,3.125],"texture":"#0"},"east":{"uv":[9.5,9.75,9.75,10],"texture":"#0"},"south":{"uv":[8.75,4.875,9.375,5.125],"texture":"#0"},"west":{"uv":[9.875,0,10.125,0.25],"texture":"#0"},"up":{"uv":[9.375,5.5,8.75,5.25],"texture":"#0"},"down":{"uv":[9.375,8,8.75,8.25],"texture":"#0"}}},{"from":[9.15015,5.7315,3.45171],"to":[11.15015,9.7315,5.45171],"rotation":{"angle":22.5,"axis":"z","origin":[10.15015,8.2315,4.45171]},"faces":{"north":{"uv":[3,9.25,3.25,9.75],"texture":"#0"},"east":{"uv":[5.75,9.25,6,9.75],"texture":"#0"},"south":{"uv":[6.125,9.25,6.375,9.75],"texture":"#0"},"west":{"uv":[6.5,9.25,6.75,9.75],"texture":"#0"},"up":{"uv":[0.625,10.125,0.375,9.875],"texture":"#0"},"down":{"uv":[10.125,0.375,9.875,0.625],"texture":"#0"}}},{"from":[8.72992,3.29769,3.45171],"to":[10.72992,7.29769,5.45171],"rotation":{"angle":-22.5,"axis":"z","origin":[8.88373,3.53128,4.45171]},"faces":{"north":{"uv":[7.5,9.25,7.75,9.75],"texture":"#0"},"east":{"uv":[7.875,9.25,8.125,9.75],"texture":"#0"},"south":{"uv":[8.25,9.25,8.5,9.75],"texture":"#0"},"west":{"uv":[0,9.375,0.25,9.875],"texture":"#0"},"up":{"uv":[10.125,1,9.875,0.75],"texture":"#0"},"down":{"uv":[10.125,1.125,9.875,1.375],"texture":"#0"}}},{"from":[12,7,6],"to":[14,9,8],"rotation":{"angle":-22.5,"axis":"x","origin":[13,8,7]},"faces":{"north":{"uv":[9.375,6.375,9.625,6.625],"texture":"#0"},"east":{"uv":[9.375,6.75,9.625,7],"texture":"#0"},"south":{"uv":[6.875,9.375,7.125,9.625],"texture":"#0"},"west":{"uv":[9.375,7.125,9.625,7.375],"texture":"#0"},"up":{"uv":[9.625,7.75,9.375,7.5],"texture":"#0"},"down":{"uv":[9.625,8.375,9.375,8.625],"texture":"#0"}}},{"from":[13,5,4],"to":[13,11,10],"rotation":{"angle":-22.5,"axis":"x","origin":[13,8,7]},"faces":{"north":{"uv":[10.75,1.75,10.75,2.5],"texture":"#0"},"east":{"uv":[5,5,5.75,5.75],"texture":"#0"},"south":{"uv":[3.25,10.75,3.25,11.5],"texture":"#0"},"west":{"uv":[5.25,3.125,6,3.875],"texture":"#0"},"up":{"uv":[3.375,11.5,3.375,10.75],"texture":"#0"},"down":{"uv":[3.5,10.75,3.5,11.5],"texture":"#0"}}},{"from":[2,7,6],"to":[4,9,8],"rotation":{"angle":-22.5,"axis":"x","origin":[3,8,7]},"faces":{"north":{"uv":[8.625,9.375,8.875,9.625],"texture":"#0"},"east":{"uv":[9.5,0.375,9.75,0.625],"texture":"#0"},"south":{"uv":[9.5,1.125,9.75,1.375],"texture":"#0"},"west":{"uv":[9.5,1.5,9.75,1.75],"texture":"#0"},"up":{"uv":[9.75,2.125,9.5,1.875],"texture":"#0"},"down":{"uv":[2.5,9.5,2.25,9.75],"texture":"#0"}}},{"from":[3,5,4],"to":[3,11,10],"rotation":{"angle":-22.5,"axis":"x","origin":[3,8,7]},"faces":{"north":{"uv":[10.75,3.5,10.75,4.25],"texture":"#0"},"east":{"uv":[4,5.25,4.75,6],"texture":"#0"},"south":{"uv":[3.625,10.75,3.625,11.5],"texture":"#0"},"west":{"uv":[5.375,1.75,6.125,2.5],"texture":"#0"},"up":{"uv":[3.75,11.5,3.75,10.75],"texture":"#0"},"down":{"uv":[3.875,10.75,3.875,11.5],"texture":"#0"}}},{"from":[12.74375,9.75625,11.75],"to":[13.74375,11.75625,13.75],"rotation":{"angle":22.5,"axis":"z","origin":[13.5,10.75625,12.75]},"faces":{"north":{"uv":[10.125,5.375,10.25,5.625],"texture":"#0"},"east":{"uv":[9.5,2.25,9.75,2.5],"texture":"#0"},"south":{"uv":[5.625,10.125,5.75,10.375],"texture":"#0"},"west":{"uv":[9.5,2.625,9.75,2.875],"texture":"#0"},"up":{"uv":[10.25,6,10.125,5.75],"texture":"#0"},"down":{"uv":[6,10.125,5.875,10.375],"texture":"#0"}}},{"from":[13.74375,8.75625,10.75],"to":[13.76875,12.75625,14.75],"rotation":{"angle":22.5,"axis":"z","origin":[13.5,10.75625,12.75]},"faces":{"north":{"uv":[3,3.625,3.125,4.125],"texture":"#0"},"east":{"uv":[4.125,6.125,4.625,6.625],"texture":"#0"},"south":{"uv":[7.25,9.375,7.375,9.875],"texture":"#0"},"west":{"uv":[6.75,5.125,7.25,5.625],"texture":"#0"},"up":{"uv":[9.625,3.5,9.5,3],"texture":"#0"},"down":{"uv":[9.625,4.875,9.5,5.375],"texture":"#0"}}},{"from":[2.25625,9.75625,11.75],"to":[3.25625,11.75625,13.75],"rotation":{"angle":-22.5,"axis":"z","origin":[2.5,10.75625,12.75]},"faces":{"north":{"uv":[6.125,10.125,6.25,10.375],"texture":"#0"},"east":{"uv":[9.5,7.875,9.75,8.125],"texture":"#0"},"south":{"uv":[10.125,6.125,10.25,6.375],"texture":"#0"},"west":{"uv":[9.5,8.75,9.75,9],"texture":"#0"},"up":{"uv":[6.5,10.375,6.375,10.125],"texture":"#0"},"down":{"uv":[10.25,6.5,10.125,6.75],"texture":"#0"}}},{"from":[2.23125,8.75625,10.75],"to":[2.25625,12.75625,14.75],"rotation":{"angle":-22.5,"axis":"z","origin":[2.5,10.75625,12.75]},"faces":{"north":{"uv":[9,9.5,9.125,10],"texture":"#0"},"east":{"uv":[7.125,7.25,7.625,7.75],"texture":"#0"},"south":{"uv":[9.5,9.125,9.625,9.625],"texture":"#0"},"west":{"uv":[7.375,0,7.875,0.5],"texture":"#0"},"up":{"uv":[9.375,10,9.25,9.5],"texture":"#0"},"down":{"uv":[9.75,4.125,9.625,4.625],"texture":"#0"}}},{"from":[10.91492,4.41351,9.04254],"to":[12.91492,6.41351,11.04254],"rotation":{"angle":22.5,"axis":"z","origin":[11.93619,4.70676,10]},"faces":{"north":{"uv":[0.75,9.75,1,10],"texture":"#0"},"east":{"uv":[1.125,9.75,1.375,10],"texture":"#0"},"south":{"uv":[1.5,9.75,1.75,10],"texture":"#0"},"west":{"uv":[1.875,9.75,2.125,10],"texture":"#0"},"up":{"uv":[10,3.25,9.75,3],"texture":"#0"},"down":{"uv":[3.625,9.75,3.375,10],"texture":"#0"}}},{"from":[11.91492,1.5,7.45746],"to":[11.91492,6.5,12.45746],"rotation":{"angle":22.5,"axis":"z","origin":[11.93619,4.70676,10]},"faces":{"north":{"uv":[4,10.75,4,11.375],"texture":"#0"},"east":{"uv":[5,6.75,5.625,7.375],"texture":"#0"},"south":{"uv":[4.125,10.75,4.125,11.375],"texture":"#0"},"west":{"uv":[5.75,6.75,6.375,7.375],"texture":"#0"},"up":{"uv":[4.25,11.375,4.25,10.75],"texture":"#0"},"down":{"uv":[4.375,10.75,4.375,11.375],"texture":"#0"}}},{"from":[9.45746,1.5,10],"to":[14.45746,6.5,10],"rotation":{"angle":22.5,"axis":"z","origin":[11.93619,4.70676,10]},"faces":{"north":{"uv":[0.875,6.875,1.5,7.5],"texture":"#0"},"east":{"uv":[10.75,4.375,10.75,5],"texture":"#0"},"south":{"uv":[1.625,6.875,2.25,7.5],"texture":"#0"},"west":{"uv":[4.5,10.75,4.5,11.375],"texture":"#0"},"up":{"uv":[11.375,2.625,10.75,2.625],"texture":"#0"},"down":{"uv":[11.375,5.125,10.75,5.125],"texture":"#0"}}},{"from":[3.08508,4.41351,9.04254],"to":[5.08508,6.41351,11.04254],"rotation":{"angle":-22.5,"axis":"z","origin":[4.06381,4.70676,10]},"faces":{"north":{"uv":[9.75,3.375,10,3.625],"texture":"#0"},"east":{"uv":[3.75,9.75,4,10],"texture":"#0"},"south":{"uv":[4.125,9.75,4.375,10],"texture":"#0"},"west":{"uv":[4.5,9.75,4.75,10],"texture":"#0"},"up":{"uv":[10,5,9.75,4.75],"texture":"#0"},"down":{"uv":[5.125,9.75,4.875,10],"texture":"#0"}}},{"from":[4.08508,1.5,7.45746],"to":[4.08508,6.5,12.45746],"rotation":{"angle":-22.5,"axis":"z","origin":[4.06381,4.70676,10]},"faces":{"north":{"uv":[4.625,10.75,4.625,11.375],"texture":"#0"},"east":{"uv":[2.375,6.875,3,7.5],"texture":"#0"},"south":{"uv":[4.75,10.75,4.75,11.375],"texture":"#0"},"west":{"uv":[6.875,2.5,7.5,3.125],"texture":"#0"},"up":{"uv":[4.875,11.375,4.875,10.75],"texture":"#0"},"down":{"uv":[5,10.75,5,11.375],"texture":"#0"}}},{"from":[1.54254,1.5,10],"to":[6.54254,6.5,10],"rotation":{"angle":-22.5,"axis":"z","origin":[4.06381,4.70676,10]},"faces":{"north":{"uv":[0,7,0.625,7.625],"texture":"#0"},"east":{"uv":[5.125,10.75,5.125,11.375],"texture":"#0"},"south":{"uv":[7.125,1.5,7.75,2.125],"texture":"#0"},"west":{"uv":[5.5,10.75,5.5,11.375],"texture":"#0"},"up":{"uv":[6.25,10.75,5.625,10.75],"texture":"#0"},"down":{"uv":[11.375,5.875,10.75,5.875],"texture":"#0"}}},{"from":[10.75,7.5,10.5],"to":[14.75,10.5,10.5],"rotation":{"angle":22.5,"axis":"x","origin":[12.75,9,10.5]},"faces":{"north":{"uv":[5.375,2.625,5.875,3],"texture":"#0"},"east":{"uv":[6.375,10.75,6.375,11.125],"texture":"#0"},"south":{"uv":[6.25,8,6.75,8.375],"texture":"#0"},"west":{"uv":[6.5,10.75,6.5,11.125],"texture":"#0"},"up":{"uv":[11.25,6,10.75,6],"texture":"#0"},"down":{"uv":[11.25,6.125,10.75,6.125],"texture":"#0"}}},{"from":[12.75,7.5,8.5],"to":[12.75,10.5,12.5],"rotation":{"angle":22.5,"axis":"x","origin":[12.75,9,10.5]},"faces":{"north":{"uv":[6.75,10.75,6.75,11.125],"texture":"#0"},"east":{"uv":[8,6.5,8.5,6.875],"texture":"#0"},"south":{"uv":[6.875,10.75,6.875,11.125],"texture":"#0"},"west":{"uv":[7.5,8,8,8.375],"texture":"#0"},"up":{"uv":[7.125,11.25,7.125,10.75],"texture":"#0"},"down":{"uv":[7.25,10.75,7.25,11.25],"texture":"#0"}}},{"from":[1.25,7.5,10.5],"to":[5.25,10.5,10.5],"rotation":{"angle":22.5,"axis":"x","origin":[3.25,9,10.5]},"faces":{"north":{"uv":[8.125,0.375,8.625,0.75],"texture":"#0"},"east":{"uv":[7.375,10.75,7.375,11.125],"texture":"#0"},"south":{"uv":[3.5,8.125,4,8.5],"texture":"#0"},"west":{"uv":[10.75,7.375,10.75,7.75],"texture":"#0"},"up":{"uv":[11.25,6.25,10.75,6.25],"texture":"#0"},"down":{"uv":[11.25,6.625,10.75,6.625],"texture":"#0"}}},{"from":[3.25,7.5,8.5],"to":[3.25,10.5,12.5],"rotation":{"angle":22.5,"axis":"x","origin":[3.25,9,10.5]},"faces":{"north":{"uv":[7.625,10.75,7.625,11.125],"texture":"#0"},"east":{"uv":[4.125,8.125,4.625,8.5],"texture":"#0"},"south":{"uv":[7.75,10.75,7.75,11.125],"texture":"#0"},"west":{"uv":[4.75,8.125,5.25,8.5],"texture":"#0"},"up":{"uv":[7.875,11.25,7.875,10.75],"texture":"#0"},"down":{"uv":[10.75,7.875,10.75,8.375],"texture":"#0"}}},{"name":"leaf","from":[11,4,12],"to":[17,10,12],"rotation":{"angle":-45,"axis":"y","origin":[11,4,12]},"faces":{"north":{"uv":[5.625,0,6.375,0.75],"texture":"#0"},"east":{"uv":[9.875,10.75,9.875,11.5],"texture":"#0"},"south":{"uv":[5.75,0.875,6.5,1.625],"texture":"#0"},"west":{"uv":[10,10.75,10,11.5],"texture":"#0"},"up":{"uv":[11.5,6.75,10.75,6.75],"texture":"#0"},"down":{"uv":[11.5,7,10.75,7],"texture":"#0"}}},{"name":"leaf","from":[10.75,0,6.75],"to":[16.75,6,6.75],"rotation":{"angle":22.5,"axis":"y","origin":[10.75,3,6.75]},"faces":{"north":{"uv":[5.875,4,6.625,4.75],"texture":"#0"},"east":{"uv":[10.125,10.75,10.125,11.5],"texture":"#0"},"south":{"uv":[4.875,5.875,5.625,6.625],"texture":"#0"},"west":{"uv":[10.5,10.75,10.5,11.5],"texture":"#0"},"up":{"uv":[11.5,7.125,10.75,7.125],"texture":"#0"},"down":{"uv":[11.5,8.5,10.75,8.5],"texture":"#0"}}},{"from":[12,0,9.5],"to":[19,8,9.5],"rotation":{"angle":0,"axis":"y","origin":[12,0,8.5]},"faces":{"north":{"uv":[1,3.5,1.875,4.5],"texture":"#0"},"east":{"uv":[10.625,10.75,10.625,11.75],"texture":"#0"},"south":{"uv":[2,3.625,2.875,4.625],"texture":"#0"},"west":{"uv":[10.75,10.75,10.75,11.75],"texture":"#0"},"up":{"uv":[11.625,8.625,10.75,8.625],"texture":"#0"},"down":{"uv":[11.625,8.75,10.75,8.75],"texture":"#0"}}},{"name":"leaf","from":[-1,4,12],"to":[5,10,12],"rotation":{"angle":45,"axis":"y","origin":[5,4,12]},"faces":{"north":{"uv":[2.5,6,3.25,6.75],"texture":"#0"},"east":{"uv":[0.625,10.875,0.625,11.625],"texture":"#0"},"south":{"uv":[0,6.125,0.75,6.875],"texture":"#0"},"west":{"uv":[0.75,10.875,0.75,11.625],"texture":"#0"},"up":{"uv":[11.625,0.5,10.875,0.5],"texture":"#0"},"down":{"uv":[11.625,0.75,10.875,0.75],"texture":"#0"}}},{"from":[-3,0,9.5],"to":[4,8,9.5],"rotation":{"angle":0,"axis":"y","origin":[4,0,8.5]},"faces":{"north":{"uv":[3.75,0,4.625,1],"texture":"#0"},"east":{"uv":[0.25,10.875,0.25,11.875],"texture":"#0"},"south":{"uv":[3,4.25,3.875,5.25],"texture":"#0"},"west":{"uv":[0.5,10.875,0.5,11.875],"texture":"#0"},"up":{"uv":[11.75,0.25,10.875,0.25],"texture":"#0"},"down":{"uv":[11.75,0.375,10.875,0.375],"texture":"#0"}}},{"name":"leaf","from":[-0.75,0,6.75],"to":[5.25,6,6.75],"rotation":{"angle":-22.5,"axis":"y","origin":[5.25,3,6.75]},"faces":{"north":{"uv":[5.875,4.875,6.625,5.625],"texture":"#0"},"east":{"uv":[0,10.875,0,11.625],"texture":"#0"},"south":{"uv":[5.75,5.875,6.5,6.625],"texture":"#0"},"west":{"uv":[0.125,10.875,0.125,11.625],"texture":"#0"},"up":{"uv":[11.5,9,10.75,9],"texture":"#0"},"down":{"uv":[11.5,9.125,10.75,9.125],"texture":"#0"}}}],"gui_light":"front"}